Workbook

Sheet 1. Test Setup
B2: Windows Power-Plan DPC/ISR Latency Benchmark - Test Setup & Methodology
B3: Validation of kernel interrupt/DPC latency per power plan - integrity-first, repeated captures (lower microseconds = better)
B5: 1 - System Under Test (Hardware) | E5: HOW TO READ THIS WORKBOOK
B6: CPU | C6: Intel(R) Core(TM) i5-10400F CPU @ 2.90GHz (6 cores / 12 threads) | E6: Sheet 2 - Glossary
B7: GPU | C7: AMD Radeon RX 5700 XT (same rig as the FPS benchmark) | E7: Plain-language explanation of DPC, ISR, percentiles, %CPU-busy and every term used here. Start here.
B8: Machine | C8: WORKSTATION
E9: Sheet 3 - Raw Data
B10: 2 - Operating System & Power Plans | E10: Every run (117 rows): DPC/ISR percentiles, interrupt load, CPU clock, plus a per-second DPC-load series.
B11: Operating System | C11: Windows 11 Pro (Build 26200)
B12: What changed | C12: Windows Power Plan only - 39 plans tested back-to-back on the identical OS image and hardware. Nothing else altered between conditions. | E12: Sheet 4 - Statistical Analysis
B13: Stock references | C13: 'High performance' and 'Ultimate Performance' are Microsoft's built-in plans, kept as neutral baselines. | E13: Per-plan mean +/- SD, CV%, 95% CI, Welch t-test vs the best plan. Live formulas from Sheet 3.
B15: 3 - Workload / Scene | E15: Sheet 5 - Graphs
B16: Scene | C16: Same custom 1v1 map, fixed STATIC scene as the FPS test. Identical scene captured repeatedly so the only variable is the power plan. | E16: All charts, each with a caption. Lower bars = better (less latency / load).
B18: 4 - Capture Tool & Protocol | E18: Sheet 6 - Verdicts
B19: Capture tool | C19: Custom in-house tool (Measure-Latency.ps1 v1.1.0), built by me. | E19: Strict analyst verdict per plan + headline recommendation.
B20: Measurement engine | C20: Windows Performance Toolkit xperf - kernel ETW trace of DPC (Deferred Procedure Call) and ISR (Interrupt Service Routine) latency.
B21: Captures per plan | C21: 3 repeated runs per plan | E21: Lower is better
B22: Capture length | C22: 30 s requested per run (~40 s trace incl. overhead) | E22: Unlike the FPS workbook, every metric here is a latency or load figure: SMALLER numbers are better.
B23: Warm-up | C23: First 5 s discarded; CPU-load metrics computed on the post-warm-up window. Percentiles are whole-trace (histogram-based, cannot be re-trimmed).
B24: Primary metric | C24: DPC 99th-percentile latency (us) - the worst-case DPC duration that drives micro-stutter & input-lag spikes. Lower is better.
B25: Supporting metrics | C25: DPC p999, DPC/ISR %CPU-busy & us/s (interrupt load), ISR p99, combined kernel load, CPU clock held.
B27: 5 - Dataset Integrity Summary
B28: Total valid runs | C28: 117 (39 plans x 3 runs)
B29: Lost ETW events / buffers | C29: 0 across every run - clean traces.
B30: CPU clock during tests | C30: Held at ~99-100% of base on ALL plans (eff. ~2889 MHz). No plan throttled, so differences are pure DPC/ISR behaviour, not clock speed.
B31: DPC source | C31: DPC time dominated by the GPU driver (dxgkrnl.sys) on 100%% of runs - expected for a GPU workload.
B32: Absolute-latency context | C32: All plans land at DPC p99 = 115-196 us, well below the ~500-1000 us range where DPC latency becomes audibly/perceptibly problematic. Differences are real and measurable, but every plan is in healthy territory.
B33: Run-to-run repeatability | C33: Median per-plan CV = 0.92% on DPC p99 (5 plans are noisier - flagged in Verdicts).

Sheet 2. Glossary
B2: Glossary - latency terms in plain language
B3: This is a DPC/ISR latency benchmark: every number is microseconds (us) of latency or % of CPU spent on interrupts. SMALLER = better.
B5: A. Latency & load metrics (lower is better)
B6: Term | C6: Plain-language meaning | D6: Better when | E6: Found in
B7: DPC | C7: Deferred Procedure Call - lower-priority kernel work a driver queues to run just after an interrupt. Long DPCs block other work and cause micro-stutter, audio pops and input-lag spikes. | D7: Lower | E7: whole workbook
B8: ISR | C8: Interrupt Service Routine - the immediate handler that runs the instant a device interrupts the CPU. Should be very short. | D8: Lower | E8: Raw P-R
B9: p50 / p90 (us) | C9: Median and 90th-percentile latency, in microseconds. Typical-case behaviour. | D9: Lower | E9: Raw F,G,N,O
B10: DPC p99 (us) | C10: 99th-percentile DPC latency = worst-case among all but the rarest 1% of DPCs. THE headline responsiveness metric in this workbook. | D10: Lower | E10: Raw H / Stats E
B11: DPC p999 (us) | C11: 99.9th percentile - the deepest spikes. Here it is limited by the tool's histogram bands, so it barely separates plans. | D11: Lower | E11: Raw I / Stats I
B12: DPC / ISR %CPU busy | C12: Share of total CPU time spent inside DPCs / ISRs (averaged over all 12 logical CPUs). Interrupt overhead. Warm-up-trimmed. | D12: Lower | E12: Raw J,R / Stats J,N
B13: DPC / ISR us/s | C13: Microseconds of DPC/ISR time per second of wall-clock - another view of interrupt load. | D13: Lower | E13: Raw K,T
B14: Combined %CPU busy | C14: DPC + ISR load added together - one number for total kernel interrupt overhead. | D14: Lower | E14: Raw S / Stats O
B15: DPC max band (us) | C15: Upper edge of the slowest latency bucket that had any DPCs - the single worst spike region. | D15: Lower | E15: Raw L
B16: DPC >64us tail % | C16: Percentage of DPCs that took longer than 64 us - how often long DPCs happen. | D16: Lower | E16: Raw M
B18: B. Capture & integrity terms
B19: Term | C19: Plain-language meaning | D19: Better when | E19: Found in
B20: Run | C20: One ~40 s xperf capture. Each plan was tested 3 times (Run 1-3). | D20: Neutral | E20: Raw B
B21: Trace (s) | C21: Length of the captured trace (~40 s incl. overhead beyond the 30 s requested). | D21: Neutral | E21: Raw D
B22: Lost evt+buf | C22: ETW events/buffers dropped during capture. 0 = a clean, trustworthy trace. | D22: 0 | E22: Raw E
B23: Warm-up | C23: First 5 s discarded for the load metrics. Percentiles are whole-trace (histogram-based, cannot be re-trimmed). | D23: Neutral | E23: method
B24: CPU perf % / eff MHz | C24: How hard the CPU ran. ~99% / ~2890 MHz on every plan = no throttling, so results reflect DPC/ISR scheduling only. | D24: context | E24: Raw U,V
B25: Per-second DPC %busy | C25: DPC load measured each second of the run - shows stability over time within one capture (Chart 4). | D25: Lower/flatter | E25: Raw s01...
B27: C. Statistical terms
B28: Term | C28: Plain-language meaning | D28: Better when | E28: Found in
B29: Mean | C29: Average of the 3 runs. | D29: Neutral | E29: Stats E...
B30: +/- SD | C30: Spread of the 3 runs around the mean. Small = runs agreed. | D30: Lower | E30: Stats F
B31: CV % | C31: SD / mean as a %. Fair consistency comparison across plans. | D31: Lower | E31: Stats G
B32: 95% CI +/- | C32: The mean is reliable to about +/- this (n=3, df=2, t=4.303). Wide because only 3 runs. | D32: Smaller | E32: Stats H
B33: Delta vs best (us / %) | C33: How much higher this plan's DPC p99 is than the #1 plan. | D33: Closer to 0 | E33: Stats Q,R
B34: Welch p vs best | C34: Probability the gap to #1 is just luck. p<0.05 = real; 'tie' = not separable from the best. | D34: Neutral | E34: Stats S
B35: Sig? / Stat. tie | C35: 'yes' = significantly worse than #1. 'tie' = as good as #1. | D35: 'tie' good | E35: Stats T
B36: Repeatability | C36: From DPC p99 CV%: Excellent <1, Good <2, Fair <4, Poor >=4. | D36: Excellent | E36: Stats U
B37: ANOVA (F,p) | C37: One test: do the plans really differ beyond run noise? Tiny p (~4e-30) = yes. | D37: Neutral | E37: Stats top
B38: MSFT stock | C38: Microsoft built-in plans (High performance, Ultimate Performance) - neutral baselines. | D38: Neutral | E38: highlighted

Sheet 3. Raw Data
A1: Plan | B1: Run | C1: Windows Plan | D1: Trace (s) | E1: Lost evt+buf | F1: DPC p50 (us) | G1: DPC p90 (us) | H1: DPC p99 (us) | I1: DPC p999 (us) | J1: DPC %CPU busy | K1: DPC us/s | L1: DPC max band (us) | M1: DPC >64us tail % | N1: ISR p50 (us) | O1: ISR p90 (us) | P1: ISR p99 (us) | Q1: ISR p999 (us) | R1: ISR %CPU busy | S1: Comb %CPU busy | T1: Comb us/s | U1: CPU perf % avg | V1: CPU eff MHz | W1: Per-second DPC %CPU-busy -> | X1: s01 | Y1: s02 | Z1: s03 | AA1: s04 | AB1: s05 | AC1: s06 | AD1: s07 | AE1: s08 | AF1: s09 | AG1: s10 | AH1: s11 | AI1: s12 | AJ1: s13 | AK1: s14 | AL1: s15 | AM1: s16 | AN1: s17 | AO1: s18 | AP1: s19 | AQ1: s20 | AR1: s21 | AS1: s22 | AT1: s23 | AU1: s24 | AV1: s25 | AW1: s26 | AX1: s27 | AY1: s28 | AZ1: s29 | BA1: s30 | BB1: s31 | BC1: s32 | BD1: s33 | BE1: s34 | BF1: s35 | BG1: s36 | BH1: s37 | BI1: s38 | BJ1: s39 | BK1: s40 | BL1: s41 | BM1: s42 | BN1: s43 | BO1: s44 | BP1: s45
A2: Kizzimo's Extreme Low Latency | B2: 1 | C2: Kizzimo's Extreme Low Latency | D2: 39.83 | E2: 0 | F2: 6.88 | G2: 25.5 | H2: 115.35 | I2: 240.37 | J2: 1.4580378 | K2: 179243.85 | L2: 512 | M2: 1.7446 | N2: 9.46 | O2: 15.98 | P2: 51.73 | Q2: 62.85 | R2: 0.42423514 | S2: 1.882273 | T2: 231396.55 | U2: 99.3 | V2: 2884 | X2: 1.488 | Y2: 1.501 | Z2: 1.502 | AA2: 1.486 | AB2: 1.48 | AC2: 1.495 | AD2: 1.515 | AE2: 1.488 | AF2: 1.48 | AG2: 1.503 | AH2: 1.483 | AI2: 1.495 | AJ2: 1.483 | AK2: 1.502 | AL2: 1.482 | AM2: 1.484 | AN2: 1.488 | AO2: 1.502 | AP2: 1.495 | AQ2: 1.501 | AR2: 1.5 | AS2: 1.51 | AT2: 1.515 | AU2: 1.477 | AV2: 1.474 | AW2: 1.502 | AX2: 1.504 | AY2: 1.503 | AZ2: 1.466 | BA2: 1.496 | BB2: 1.505 | BC2: 1.495 | BD2: 1.5 | BE2: 1.511 | BF2: 1.493 | BG2: 1.523 | BH2: 1.486 | BI2: 1.502 | BJ2: 1.51 | BK2: 1.516 | BL2: 1.504 | BM2: 0.061
A3: Kizzimo's Extreme Low Latency | B3: 2 | C3: Kizzimo's Extreme Low Latency | D3: 39.8 | E3: 0 | F3: 6.89 | G3: 25.45 | H3: 115.23 | I3: 240.27 | J3: 1.4551919 | K3: 179049.96 | L3: 2097152 | M3: 1.7518 | N3: 9.43 | O3: 15.98 | P3: 52.17 | Q3: 62.97 | R3: 0.42228919 | S3: 1.8774811 | T3: 231005.05 | U3: 99.4 | V3: 2887 | X3: 1.635 | Y3: 1.532 | Z3: 1.496 | AA3: 1.505 | AB3: 1.494 | AC3: 1.46 | AD3: 1.504 | AE3: 1.493 | AF3: 1.501 | AG3: 1.498 | AH3: 1.5 | AI3: 1.487 | AJ3: 1.479 | AK3: 1.521 | AL3: 1.503 | AM3: 1.48 | AN3: 1.487 | AO3: 1.497 | AP3: 1.498 | AQ3: 1.503 | AR3: 1.485 | AS3: 1.497 | AT3: 1.484 | AU3: 1.502 | AV3: 1.479 | AW3: 1.467 | AX3: 1.503 | AY3: 1.495 | AZ3: 1.497 | BA3: 1.493 | BB3: 1.486 | BC3: 1.489 | BD3: 1.491 | BE3: 1.488 | BF3: 1.503 | BG3: 1.498 | BH3: 1.499 | BI3: 1.498 | BJ3: 1.495 | BK3: 1.503 | BL3: 1.525 | BM3: 0.057
A4: Kizzimo's Extreme Low Latency | B4: 3 | C4: Kizzimo's Extreme Low Latency | D4: 39.79 | E4: 0 | F4: 6.9 | G4: 25.46 | H4: 115.16 | I4: 240.24 | J4: 1.4545 | K4: 179293.87 | L4: 512 | M4: 1.7534 | N4: 9.42 | O4: 15.97 | P4: 51.95 | Q4: 62.89 | R4: 0.42174595 | S4: 1.8762459 | T4: 231281.63 | U4: 99.5 | V4: 2889 | X4: 1.452 | Y4: 1.499 | Z4: 1.515 | AA4: 1.495 | AB4: 1.496 | AC4: 1.507 | AD4: 1.494 | AE4: 1.499 | AF4: 1.486 | AG4: 1.483 | AH4: 1.521 | AI4: 1.488 | AJ4: 1.468 | AK4: 1.493 | AL4: 1.495 | AM4: 1.498 | AN4: 1.471 | AO4: 1.513 | AP4: 1.493 | AQ4: 1.512 | AR4: 1.481 | AS4: 1.51 | AT4: 1.502 | AU4: 1.51 | AV4: 1.484 | AW4: 1.492 | AX4: 1.478 | AY4: 1.492 | AZ4: 1.489 | BA4: 1.487 | BB4: 1.498 | BC4: 1.484 | BD4: 1.519 | BE4: 1.496 | BF4: 1.501 | BG4: 1.488 | BH4: 1.49 | BI4: 1.504 | BJ4: 1.499 | BK4: 1.511 | BL4: 1.479 | BM4: 0
A5: Lowest Latency | B5: 1 | C5: Lowest Latency | D5: 47.09 | E5: 0 | F5: 6.66 | G5: 29.36 | H5: 169.77 | I5: 247.43 | J5: 0.89723636 | K5: 107868.29 | L5: 512 | M5: 3.3125 | N5: 9.12 | O5: 17.1 | P5: 56.6 | Q5: 70.27 | R5: 0.41302273 | S5: 1.3102591 | T5: 157489.13 | U5: 99.5 | V5: 2889 | X5: 0.876 | Y5: 0.861 | Z5: 0.888 | AA5: 0.87 | AB5: 0.867 | AC5: 0.873 | AD5: 0.874 | AE5: 0.85 | AF5: 0.898 | AG5: 0.905 | AH5: 0.878 | AI5: 0.914 | AJ5: 0.911 | AK5: 0.915 | AL5: 0.895 | AM5: 0.902 | AN5: 0.931 | AO5: 0.917 | AP5: 0.895 | AQ5: 0.859 | AR5: 0.927 | AS5: 0.907 | AT5: 0.89 | AU5: 0.892 | AV5: 0.917 | AW5: 0.923 | AX5: 0.903 | AY5: 0.874 | AZ5: 0.887 | BA5: 0.891 | BB5: 0.899 | BC5: 0.901 | BD5: 0.92 | BE5: 0.903 | BF5: 0.894 | BG5: 0.875 | BH5: 0.927 | BI5: 0.897 | BJ5: 0.915 | BK5: 0.875 | BL5: 0.951 | BM5: 0.92 | BN5: 0.904 | BO5: 0.883 | BP5: 0.913
A6: Lowest Latency | B6: 2 | C6: Lowest Latency | D6: 39.86 | E6: 0 | F6: 6.9 | G6: 29.12 | H6: 164.7 | I6: 247.1 | J6: 0.90761081 | K6: 109312.93 | L6: 512 | M6: 3.1891 | N6: 8.53 | O6: 16.13 | P6: 56.15 | Q6: 75.3 | R6: 0.43472703 | S6: 1.3423378 | T6: 161639.36 | U6: 99.5 | V6: 2889 | X6: 0.875 | Y6: 0.926 | Z6: 0.905 | AA6: 0.905 | AB6: 0.884 | AC6: 0.917 | AD6: 0.93 | AE6: 0.914 | AF6: 0.876 | AG6: 0.939 | AH6: 0.911 | AI6: 0.89 | AJ6: 0.846 | AK6: 1.177 | AL6: 1.305 | AM6: 0.935 | AN6: 0.874 | AO6: 0.921 | AP6: 0.912 | AQ6: 0.909 | AR6: 0.878 | AS6: 0.919 | AT6: 0.88 | AU6: 0.913 | AV6: 0.901 | AW6: 0.911 | AX6: 0.906 | AY6: 0.894 | AZ6: 0.885 | BA6: 0.866 | BB6: 0.905 | BC6: 0.888 | BD6: 0.823 | BE6: 0.862 | BF6: 0.871 | BG6: 0.894 | BH6: 0.897 | BI6: 0.867 | BJ6: 0.903 | BK6: 0.883 | BL6: 0.836 | BM6: 0.744
A7: Lowest Latency | B7: 3 | C7: Lowest Latency | D7: 39.93 | E7: 0 | F7: 6.68 | G7: 29.15 | H7: 148.63 | I7: 245.32 | J7: 0.88066216 | K7: 105911.46 | L7: 512 | M7: 3.003 | N7: 9.36 | O7: 18.97 | P7: 57.66 | Q7: 86.63 | R7: 0.4270973 | S7: 1.3077595 | T7: 157242.62 | U7: 99.5 | V7: 2889 | X7: 0.834 | Y7: 0.912 | Z7: 0.878 | AA7: 0.877 | AB7: 0.85 | AC7: 0.883 | AD7: 1.012 | AE7: 0.904 | AF7: 0.842 | AG7: 0.838 | AH7: 0.956 | AI7: 0.921 | AJ7: 0.843 | AK7: 0.852 | AL7: 0.847 | AM7: 0.881 | AN7: 0.866 | AO7: 0.879 | AP7: 0.852 | AQ7: 0.899 | AR7: 0.865 | AS7: 0.893 | AT7: 0.915 | AU7: 0.87 | AV7: 0.828 | AW7: 0.898 | AX7: 0.924 | AY7: 0.88 | AZ7: 0.862 | BA7: 0.893 | BB7: 0.896 | BC7: 0.885 | BD7: 0.867 | BE7: 0.899 | BF7: 0.89 | BG7: 0.889 | BH7: 0.874 | BI7: 0.889 | BJ7: 0.896 | BK7: 0.89 | BL7: 0.829 | BM7: 0.778
A8: _Reticle_ | B8: 1 | C8: <Reticle> | D8: 47.45 | E8: 0 | F8: 5.18 | G8: 28.75 | H8: 154.88 | I8: 245.91 | J8: 0.86820682 | K8: 104310.49 | L8: 512 | M8: 2.9997 | N8: 7.5 | O8: 15.84 | P8: 60.19 | Q8: 119 | R8: 0.45513636 | S8: 1.3233432 | T8: 159012.94 | U8: 99.5 | V8: 2890 | X8: 0.837 | Y8: 0.823 | Z8: 0.811 | AA8: 0.819 | AB8: 0.837 | AC8: 0.815 | AD8: 0.83 | AE8: 0.822 | AF8: 0.842 | AG8: 0.823 | AH8: 0.831 | AI8: 0.838 | AJ8: 0.838 | AK8: 0.834 | AL8: 0.83 | AM8: 0.828 | AN8: 0.855 | AO8: 0.822 | AP8: 0.837 | AQ8: 0.801 | AR8: 0.841 | AS8: 0.814 | AT8: 1.074 | AU8: 1.114 | AV8: 1.433 | AW8: 0.969 | AX8: 0.938 | AY8: 0.926 | AZ8: 0.907 | BA8: 0.903 | BB8: 0.929 | BC8: 0.844 | BD8: 0.857 | BE8: 0.828 | BF8: 0.827 | BG8: 0.839 | BH8: 0.831 | BI8: 0.838 | BJ8: 0.807 | BK8: 0.827 | BL8: 0.84 | BM8: 0.83 | BN8: 0.818 | BO8: 0.826 | BP8: 0.838
A9: _Reticle_ | B9: 2 | C9: <Reticle> | D9: 39.79 | E9: 0 | F9: 5.32 | G9: 28.48 | H9: 173.99 | I9: 247.86 | J9: 0.84118056 | K9: 100954.4 | L9: 512 | M9: 3.1836 | N9: 7.49 | O9: 15.78 | P9: 53.3 | Q9: 63.45 | R9: 0.40217778 | S9: 1.2433583 | T9: 149221.59 | U9: 99.5 | V9: 2889 | X9: 0.808 | Y9: 0.839 | Z9: 0.841 | AA9: 0.824 | AB9: 0.82 | AC9: 0.832 | AD9: 0.841 | AE9: 0.829 | AF9: 0.829 | AG9: 0.833 | AH9: 0.835 | AI9: 0.828 | AJ9: 0.815 | AK9: 0.829 | AL9: 0.83 | AM9: 0.855 | AN9: 0.936 | AO9: 0.892 | AP9: 0.877 | AQ9: 0.89 | AR9: 0.897 | AS9: 0.842 | AT9: 0.767 | AU9: 0.848 | AV9: 0.84 | AW9: 0.831 | AX9: 0.849 | AY9: 0.817 | AZ9: 0.843 | BA9: 0.816 | BB9: 0.851 | BC9: 0.825 | BD9: 0.825 | BE9: 0.833 | BF9: 0.848 | BG9: 0.858 | BH9: 0.838 | BI9: 0.836 | BJ9: 0.847 | BK9: 0.83 | BL9: 0.793
A10: _Reticle_ | B10: 3 | C10: <Reticle> | D10: 39.76 | E10: 0 | F10: 5.17 | G10: 28.42 | H10: 172.29 | I10: 247.63 | J10: 0.84361667 | K10: 101264.65 | L10: 256 | M10: 3.1666 | N10: 7.58 | O10: 15.76 | P10: 52.3 | Q10: 63.2 | R10: 0.39993889 | S10: 1.2435556 | T10: 149262.78 | U10: 99.5 | V10: 2889 | X10: 0.823 | Y10: 0.844 | Z10: 0.835 | AA10: 0.846 | AB10: 0.833 | AC10: 0.848 | AD10: 0.836 | AE10: 0.843 | AF10: 0.833 | AG10: 0.853 | AH10: 0.855 | AI10: 0.847 | AJ10: 0.824 | AK10: 0.861 | AL10: 0.844 | AM10: 0.844 | AN10: 0.838 | AO10: 0.823 | AP10: 0.825 | AQ10: 0.83 | AR10: 0.824 | AS10: 0.843 | AT10: 0.832 | AU10: 0.835 | AV10: 0.837 | AW10: 0.839 | AX10: 0.848 | AY10: 0.838 | AZ10: 0.834 | BA10: 0.864 | BB10: 0.856 | BC10: 0.86 | BD10: 0.835 | BE10: 0.834 | BF10: 0.855 | BG10: 0.947 | BH10: 0.856 | BI10: 0.838 | BJ10: 0.853 | BK10: 0.855 | BL10: 0.783
A11: amit's low latency powerplan | B11: 1 | C11: amit's low latency powerplan | D11: 39.79 | E11: 0 | F11: 5 | G11: 28.17 | H11: 172.18 | I11: 247.66 | J11: 0.83775556 | K11: 100556.8 | L11: 512 | M11: 3.0968 | N11: 7.38 | O11: 15.63 | P11: 51.55 | Q11: 63.38 | R11: 0.39806111 | S11: 1.2358167 | T11: 148335.47 | U11: 99.4 | V11: 2886 | X11: 0.838 | Y11: 0.879 | Z11: 0.886 | AA11: 0.884 | AB11: 0.876 | AC11: 0.895 | AD11: 0.893 | AE11: 0.88 | AF11: 0.874 | AG11: 0.838 | AH11: 0.832 | AI11: 0.823 | AJ11: 0.83 | AK11: 0.832 | AL11: 0.829 | AM11: 0.822 | AN11: 0.827 | AO11: 0.828 | AP11: 0.83 | AQ11: 0.834 | AR11: 0.836 | AS11: 0.829 | AT11: 0.84 | AU11: 0.842 | AV11: 0.889 | AW11: 0.86 | AX11: 0.857 | AY11: 0.847 | AZ11: 0.841 | BA11: 0.836 | BB11: 0.844 | BC11: 0.828 | BD11: 0.835 | BE11: 0.842 | BF11: 0.836 | BG11: 0.825 | BH11: 0.834 | BI11: 0.821 | BJ11: 0.84 | BK11: 0.831 | BL11: 0.683
A12: amit's low latency powerplan | B12: 2 | C12: amit's low latency powerplan | D12: 39.77 | E12: 0 | F12: 4.92 | G12: 28.27 | H12: 172.86 | I12: 247.71 | J12: 0.83112778 | K12: 99771.317 | L12: 512 | M12: 3.1612 | N12: 7.17 | O12: 15.63 | P12: 51.96 | Q12: 63.58 | R12: 0.39254722 | S12: 1.223675 | T12: 146883.76 | U12: 99.5 | V12: 2889 | X12: 0.809 | Y12: 0.841 | Z12: 0.844 | AA12: 0.833 | AB12: 0.818 | AC12: 0.847 | AD12: 0.823 | AE12: 0.836 | AF12: 0.821 | AG12: 0.832 | AH12: 0.836 | AI12: 0.827 | AJ12: 0.797 | AK12: 0.829 | AL12: 0.823 | AM12: 0.836 | AN12: 0.831 | AO12: 0.83 | AP12: 0.845 | AQ12: 0.838 | AR12: 0.841 | AS12: 0.835 | AT12: 0.838 | AU12: 0.848 | AV12: 0.821 | AW12: 0.821 | AX12: 0.828 | AY12: 0.837 | AZ12: 0.838 | BA12: 0.832 | BB12: 0.843 | BC12: 0.841 | BD12: 0.83 | BE12: 0.827 | BF12: 0.842 | BG12: 0.843 | BH12: 0.832 | BI12: 0.831 | BJ12: 0.823 | BK12: 0.837 | BL12: 0.784
A13: amit's low latency powerplan | B13: 3 | C13: amit's low latency powerplan | D13: 39.75 | E13: 0 | F13: 5.06 | G13: 28.16 | H13: 170.21 | I13: 247.44 | J13: 0.84803611 | K13: 101827.96 | L13: 512 | M13: 3.0651 | N13: 7.39 | O13: 15.63 | P13: 51.65 | Q13: 63.48 | R13: 0.40440278 | S13: 1.2524389 | T13: 150382.85 | U13: 99.6 | V13: 2892 | X13: 0.822 | Y13: 0.833 | Z13: 0.83 | AA13: 0.526 | AB13: 0.802 | AC13: 0.89 | AD13: 0.89 | AE13: 0.878 | AF13: 0.869 | AG13: 0.871 | AH13: 0.873 | AI13: 0.878 | AJ13: 0.888 | AK13: 0.874 | AL13: 0.861 | AM13: 0.829 | AN13: 0.822 | AO13: 0.818 | AP13: 0.847 | AQ13: 0.845 | AR13: 0.843 | AS13: 0.832 | AT13: 0.843 | AU13: 0.838 | AV13: 0.831 | AW13: 0.837 | AX13: 0.832 | AY13: 0.818 | AZ13: 0.843 | BA13: 0.826 | BB13: 0.924 | BC13: 0.873 | BD13: 0.827 | BE13: 0.835 | BF13: 0.851 | BG13: 0.84 | BH13: 0.834 | BI13: 0.819 | BJ13: 0.836 | BK13: 0.844 | BL13: 0.771
A14: Mitstas IDLE ENABLED | B14: 1 | C14: Mitstas IDLE ENABLED | D14: 39.76 | E14: 0 | F14: 2.81 | G14: 30.79 | H14: 160.53 | I14: 246.48 | J14: 0.87359722 | K14: 104896.19 | L14: 512 | M14: 3.5648 | N14: 9.51 | O14: 17.9 | P14: 61.82 | Q14: 120.37 | R14: 0.51137222 | S14: 1.3849694 | T14: 166334.17 | U14: 99.7 | V14: 2895 | X14: 0.842 | Y14: 0.855 | Z14: 0.855 | AA14: 0.85 | AB14: 0.844 | AC14: 0.828 | AD14: 0.856 | AE14: 0.839 | AF14: 0.837 | AG14: 0.831 | AH14: 0.822 | AI14: 0.849 | AJ14: 0.82 | AK14: 0.812 | AL14: 0.848 | AM14: 0.816 | AN14: 0.822 | AO14: 0.855 | AP14: 1.137 | AQ14: 1.046 | AR14: 0.96 | AS14: 0.958 | AT14: 0.975 | AU14: 0.91 | AV14: 0.928 | AW14: 0.93 | AX14: 0.948 | AY14: 0.862 | AZ14: 0.852 | BA14: 0.837 | BB14: 0.865 | BC14: 0.842 | BD14: 0.84 | BE14: 0.828 | BF14: 0.848 | BG14: 0.858 | BH14: 0.835 | BI14: 0.841 | BJ14: 0.87 | BK14: 0.854 | BL14: 0.791
A15: Mitstas IDLE ENABLED | B15: 2 | C15: Mitstas IDLE ENABLED | D15: 39.75 | E15: 0 | F15: 2.89 | G15: 29.85 | H15: 179.25 | I15: 248.33 | J15: 0.83776667 | K15: 100560.51 | L15: 256 | M15: 3.5326 | N15: 9.4 | O15: 15.92 | P15: 51.67 | Q15: 62.94 | R15: 0.44813333 | S15: 1.2859 | T15: 154348.46 | U15: 99.6 | V15: 2893 | X15: 0.828 | Y15: 0.847 | Z15: 0.855 | AA15: 0.843 | AB15: 0.848 | AC15: 0.845 | AD15: 0.838 | AE15: 0.856 | AF15: 0.835 | AG15: 0.831 | AH15: 0.85 | AI15: 0.827 | AJ15: 0.838 | AK15: 0.861 | AL15: 0.845 | AM15: 0.867 | AN15: 0.484 | AO15: 0.602 | AP15: 0.892 | AQ15: 0.879 | AR15: 0.871 | AS15: 0.868 | AT15: 0.875 | AU15: 0.873 | AV15: 0.88 | AW15: 0.869 | AX15: 0.885 | AY15: 0.885 | AZ15: 0.851 | BA15: 0.855 | BB15: 0.843 | BC15: 0.861 | BD15: 0.848 | BE15: 0.856 | BF15: 0.859 | BG15: 0.845 | BH15: 0.832 | BI15: 0.845 | BJ15: 0.846 | BK15: 0.859 | BL15: 0.804
A16: Mitstas IDLE ENABLED | B16: 3 | C16: Mitstas IDLE ENABLED | D16: 39.79 | E16: 0 | F16: 2.66 | G16: 30.08 | H16: 180.4 | I16: 248.46 | J16: 0.84450278 | K16: 101385.44 | L16: 2097152 | M16: 3.7077 | N16: 9.44 | O16: 15.95 | P16: 52.36 | Q16: 62.94 | R16: 0.44990833 | S16: 1.2944111 | T16: 155400.87 | U16: 99.6 | V16: 2892 | X16: 0.939 | Y16: 0.85 | Z16: 0.846 | AA16: 0.849 | AB16: 0.856 | AC16: 0.854 | AD16: 0.845 | AE16: 0.858 | AF16: 0.833 | AG16: 0.839 | AH16: 0.85 | AI16: 0.842 | AJ16: 0.859 | AK16: 0.838 | AL16: 0.839 | AM16: 0.849 | AN16: 0.822 | AO16: 0.856 | AP16: 0.854 | AQ16: 0.832 | AR16: 0.857 | AS16: 0.844 | AT16: 0.86 | AU16: 0.863 | AV16: 0.855 | AW16: 0.844 | AX16: 0.845 | AY16: 0.84 | AZ16: 0.854 | BA16: 0.82 | BB16: 0.853 | BC16: 0.854 | BD16: 0.849 | BE16: 0.849 | BF16: 0.842 | BG16: 0.837 | BH16: 0.854 | BI16: 0.842 | BJ16: 0.848 | BK16: 0.841 | BL16: 0.783
A17: GTweaks Power Plan V3 | B17: 1 | C17: GTweaks Power Plan V3 | D17: 39.8 | E17: 0 | F17: 4.88 | G17: 29.7 | H17: 172.19 | I17: 247.64 | J17: 0.87568919 | K17: 107956.38 | L17: 512 | M17: 3.4617 | N17: 9.49 | O17: 15.91 | P17: 51.09 | Q17: 62.81 | R17: 0.44134865 | S17: 1.3170378 | T17: 162366.26 | U17: 99.6 | V17: 2892 | X17: 0.892 | Y17: 0.891 | Z17: 0.897 | AA17: 0.898 | AB17: 0.886 | AC17: 0.899 | AD17: 0.893 | AE17: 0.899 | AF17: 0.887 | AG17: 0.896 | AH17: 0.895 | AI17: 0.901 | AJ17: 0.9 | AK17: 0.903 | AL17: 0.891 | AM17: 0.884 | AN17: 0.889 | AO17: 1.019 | AP17: 0.933 | AQ17: 0.902 | AR17: 0.889 | AS17: 0.9 | AT17: 0.906 | AU17: 0.9 | AV17: 0.893 | AW17: 0.915 | AX17: 0.906 | AY17: 0.897 | AZ17: 0.886 | BA17: 0.913 | BB17: 0.902 | BC17: 0.897 | BD17: 0.892 | BE17: 0.891 | BF17: 0.9 | BG17: 0.894 | BH17: 0.894 | BI17: 0.898 | BJ17: 0.889 | BK17: 0.901 | BL17: 0.846 | BM17: 0
A18: GTweaks Power Plan V3 | B18: 2 | C18: GTweaks Power Plan V3 | D18: 39.82 | E18: 0 | F18: 5.02 | G18: 29.44 | H18: 172.43 | I18: 247.66 | J18: 0.88546216 | K18: 107080.7 | L18: 512 | M18: 3.3652 | N18: 9.55 | O18: 15.95 | P18: 51.39 | Q18: 62.81 | R18: 0.44481351 | S18: 1.3302757 | T18: 160870.08 | U18: 99.5 | V18: 2890 | X18: 0.75 | Y18: 0.899 | Z18: 0.904 | AA18: 0.89 | AB18: 0.882 | AC18: 0.904 | AD18: 0.897 | AE18: 0.896 | AF18: 0.87 | AG18: 0.909 | AH18: 0.896 | AI18: 0.904 | AJ18: 0.889 | AK18: 0.882 | AL18: 0.896 | AM18: 0.906 | AN18: 0.886 | AO18: 0.895 | AP18: 0.912 | AQ18: 0.907 | AR18: 0.961 | AS18: 0.905 | AT18: 0.901 | AU18: 0.894 | AV18: 0.881 | AW18: 0.892 | AX18: 0.898 | AY18: 0.88 | AZ18: 0.896 | BA18: 0.895 | BB18: 0.861 | BC18: 0.888 | BD18: 0.883 | BE18: 0.893 | BF18: 0.908 | BG18: 0.877 | BH18: 0.894 | BI18: 0.899 | BJ18: 0.879 | BK18: 0.886 | BL18: 0.837 | BM18: 0.603
A19: GTweaks Power Plan V3 | B19: 3 | C19: GTweaks Power Plan V3 | D19: 39.79 | E19: 0 | F19: 5.13 | G19: 29.38 | H19: 176.78 | I19: 248.12 | J19: 0.88481389 | K19: 106179.99 | L19: 512 | M19: 3.2931 | N19: 9.4 | O19: 15.96 | P19: 51.75 | Q19: 62.92 | R19: 0.44068056 | S19: 1.3254944 | T19: 159061.32 | U19: 99.3 | V19: 2885 | X19: 0.865 | Y19: 0.896 | Z19: 0.894 | AA19: 0.896 | AB19: 0.887 | AC19: 0.898 | AD19: 0.894 | AE19: 0.886 | AF19: 0.884 | AG19: 0.892 | AH19: 0.909 | AI19: 0.889 | AJ19: 0.877 | AK19: 0.907 | AL19: 0.894 | AM19: 0.89 | AN19: 0.884 | AO19: 0.895 | AP19: 0.898 | AQ19: 0.894 | AR19: 0.884 | AS19: 0.898 | AT19: 0.861 | AU19: 0.894 | AV19: 0.872 | AW19: 0.895 | AX19: 0.876 | AY19: 0.896 | AZ19: 0.869 | BA19: 0.879 | BB19: 0.885 | BC19: 0.875 | BD19: 0.869 | BE19: 0.87 | BF19: 0.892 | BG19: 0.894 | BH19: 0.872 | BI19: 0.88 | BJ19: 0.888 | BK19: 0.89 | BL19: 0.82
A20: RIP Tweaks Power Plan | B20: 1 | C20: RIP Tweaks Power Plan | D20: 39.8 | E20: 0 | F20: 3.13 | G20: 30.07 | H20: 183.37 | I20: 248.74 | J20: 0.82857222 | K20: 99457.253 | L20: 256 | M20: 3.7152 | N20: 9.19 | O20: 16.26 | P20: 53.09 | Q20: 63.06 | R20: 0.43525556 | S20: 1.2638278 | T20: 151702.69 | U20: 99.3 | V20: 2885 | X20: 0.826 | Y20: 0.847 | Z20: 0.845 | AA20: 0.83 | AB20: 0.826 | AC20: 0.827 | AD20: 0.797 | AE20: 0.807 | AF20: 0.797 | AG20: 0.819 | AH20: 0.822 | AI20: 0.823 | AJ20: 0.803 | AK20: 0.809 | AL20: 0.814 | AM20: 0.815 | AN20: 0.812 | AO20: 0.825 | AP20: 0.848 | AQ20: 0.841 | AR20: 0.837 | AS20: 0.848 | AT20: 0.842 | AU20: 0.849 | AV20: 0.814 | AW20: 0.819 | AX20: 0.828 | AY20: 0.854 | AZ20: 0.834 | BA20: 0.826 | BB20: 0.852 | BC20: 0.853 | BD20: 0.846 | BE20: 0.842 | BF20: 0.848 | BG20: 0.843 | BH20: 0.858 | BI20: 0.838 | BJ20: 0.828 | BK20: 0.844 | BL20: 0.766
A21: RIP Tweaks Power Plan | B21: 2 | C21: RIP Tweaks Power Plan | D21: 39.76 | E21: 0 | F21: 1.98 | G21: 29.79 | H21: 179.04 | I21: 248.37 | J21: 0.85071389 | K21: 102095.18 | L21: 512 | M21: 3.5672 | N21: 8.78 | O21: 15.86 | P21: 51.79 | Q21: 62.9 | R21: 0.45685556 | S21: 1.3075694 | T21: 156896.01 | U21: 99.4 | V21: 2888 | X21: 0.821 | Y21: 0.843 | Z21: 0.835 | AA21: 0.844 | AB21: 0.833 | AC21: 0.84 | AD21: 0.857 | AE21: 0.835 | AF21: 0.843 | AG21: 0.842 | AH21: 0.853 | AI21: 0.831 | AJ21: 0.839 | AK21: 0.83 | AL21: 0.858 | AM21: 0.845 | AN21: 0.847 | AO21: 0.845 | AP21: 0.853 | AQ21: 0.857 | AR21: 0.846 | AS21: 0.827 | AT21: 0.87 | AU21: 0.838 | AV21: 0.838 | AW21: 0.838 | AX21: 0.837 | AY21: 0.848 | AZ21: 0.848 | BA21: 0.83 | BB21: 0.86 | BC21: 0.854 | BD21: 0.844 | BE21: 0.85 | BF21: 0.854 | BG21: 0.858 | BH21: 0.847 | BI21: 0.889 | BJ21: 0.919 | BK21: 0.919 | BL21: 0.838
A22: RIP Tweaks Power Plan | B22: 3 | C22: RIP Tweaks Power Plan | D22: 39.78 | E22: 0 | F22: 2.72 | G22: 28.51 | H22: 159.67 | I22: 246.44 | J22: 0.83831389 | K22: 100648.36 | L22: 512 | M22: 3.2392 | N22: 10.09 | O22: 15.99 | P22: 52.03 | Q22: 62.92 | R22: 0.45468056 | S22: 1.2929944 | T22: 155223.71 | U22: 99.5 | V22: 2889 | X22: 0.82 | Y22: 0.832 | Z22: 0.83 | AA22: 0.839 | AB22: 0.82 | AC22: 0.849 | AD22: 0.823 | AE22: 0.831 | AF22: 0.848 | AG22: 0.834 | AH22: 0.842 | AI22: 0.83 | AJ22: 0.81 | AK22: 0.852 | AL22: 0.842 | AM22: 0.823 | AN22: 0.846 | AO22: 0.836 | AP22: 0.85 | AQ22: 0.845 | AR22: 0.84 | AS22: 0.847 | AT22: 0.839 | AU22: 0.843 | AV22: 0.86 | AW22: 0.843 | AX22: 0.848 | AY22: 0.84 | AZ22: 0.83 | BA22: 0.844 | BB22: 0.825 | BC22: 0.853 | BD22: 0.846 | BE22: 0.831 | BF22: 0.848 | BG22: 0.848 | BH22: 0.843 | BI22: 0.845 | BJ22: 0.849 | BK22: 0.829 | BL22: 0.768
A23: Bitsum Highest Performance | B23: 1 | C23: Bitsum Highest Performance | D23: 48.05 | E23: 0 | F23: 6.46 | G23: 30.09 | H23: 174.04 | I23: 247.93 | J23: 0.92320667 | K23: 111022.58 | L23: 512 | M23: 3.4758 | N23: 9.56 | O23: 16.75 | P23: 55.7 | Q23: 66.39 | R23: 0.46113333 | S23: 1.38434 | T23: 166480.13 | U23: 99.4 | V23: 2887 | X23: 0.909 | Y23: 0.908 | Z23: 0.92 | AA23: 0.9 | AB23: 0.911 | AC23: 0.921 | AD23: 0.944 | AE23: 0.902 | AF23: 0.897 | AG23: 0.896 | AH23: 0.913 | AI23: 0.928 | AJ23: 0.913 | AK23: 0.919 | AL23: 0.92 | AM23: 0.883 | AN23: 0.918 | AO23: 0.923 | AP23: 0.921 | AQ23: 0.901 | AR23: 0.938 | AS23: 0.918 | AT23: 0.92 | AU23: 0.917 | AV23: 0.908 | AW23: 0.906 | AX23: 0.917 | AY23: 0.926 | AZ23: 0.928 | BA23: 0.907 | BB23: 0.956 | BC23: 1.421 | BD23: 0.964 | BE23: 0.905 | BF23: 0.922 | BG23: 0.894 | BH23: 0.921 | BI23: 0.924 | BJ23: 0.921 | BK23: 0.906 | BL23: 0.913 | BM23: 0.909 | BN23: 0.919 | BO23: 0.891 | BP23: 0.9
A24: Bitsum Highest Performance | B24: 2 | C24: Bitsum Highest Performance | D24: 39.89 | E24: 0 | F24: 6.4 | G24: 30.19 | H24: 173.41 | I24: 247.98 | J24: 0.90027568 | K24: 108250.05 | L24: 512 | M24: 3.3129 | N24: 9.61 | O24: 18.7 | P24: 56.84 | Q24: 78.43 | R24: 0.44240811 | S24: 1.3426838 | T24: 161445.5 | U24: 99.5 | V24: 2890 | X24: 0.885 | Y24: 0.904 | Z24: 0.909 | AA24: 0.898 | AB24: 0.918 | AC24: 0.904 | AD24: 0.95 | AE24: 0.912 | AF24: 0.945 | AG24: 0.934 | AH24: 0.861 | AI24: 0.892 | AJ24: 0.913 | AK24: 0.904 | AL24: 0.835 | AM24: 0.868 | AN24: 0.898 | AO24: 0.914 | AP24: 0.885 | AQ24: 0.876 | AR24: 0.9 | AS24: 0.912 | AT24: 0.91 | AU24: 0.91 | AV24: 0.888 | AW24: 0.905 | AX24: 0.899 | AY24: 0.895 | AZ24: 0.907 | BA24: 0.913 | BB24: 0.929 | BC24: 0.911 | BD24: 0.894 | BE24: 0.899 | BF24: 0.899 | BG24: 0.928 | BH24: 0.911 | BI24: 0.926 | BJ24: 0.898 | BK24: 0.907 | BL24: 0.876 | BM24: 0.801
A25: Bitsum Highest Performance | B25: 3 | C25: Bitsum Highest Performance | D25: 39.79 | E25: 0 | F25: 5.75 | G25: 30.25 | H25: 176.99 | I25: 248.26 | J25: 0.91481081 | K25: 110146.15 | L25: 512 | M25: 3.55 | N25: 9.75 | O25: 17.28 | P25: 55.97 | Q25: 71.39 | R25: 0.45444595 | S25: 1.3692568 | T25: 164888.47 | U25: 99.5 | V25: 2889 | X25: 0.834 | Y25: 0.924 | Z25: 0.933 | AA25: 0.921 | AB25: 0.907 | AC25: 0.924 | AD25: 0.92 | AE25: 0.918 | AF25: 0.926 | AG25: 0.938 | AH25: 0.908 | AI25: 0.918 | AJ25: 0.911 | AK25: 0.929 | AL25: 0.924 | AM25: 0.917 | AN25: 0.91 | AO25: 0.908 | AP25: 0.935 | AQ25: 0.923 | AR25: 0.909 | AS25: 0.923 | AT25: 0.939 | AU25: 0.921 | AV25: 0.901 | AW25: 0.927 | AX25: 0.928 | AY25: 0.934 | AZ25: 0.876 | BA25: 0.918 | BB25: 0.909 | BC25: 0.914 | BD25: 0.913 | BE25: 0.94 | BF25: 0.927 | BG25: 0.927 | BH25: 0.918 | BI25: 0.902 | BJ25: 0.934 | BK25: 0.923 | BL25: 0.883 | BM25: 0.772
A26: CactusOS Absolute Performance | B26: 1 | C26: CactusOS Absolute Performance | D26: 39.84 | E26: 0 | F26: 3.2 | G26: 29.44 | H26: 175.21 | I26: 247.94 | J26: 0.85681081 | K26: 103577.44 | L26: 512 | M26: 3.4402 | N26: 9.41 | O26: 15.88 | P26: 50.47 | Q26: 62.77 | R26: 0.45572162 | S26: 1.3125324 | T26: 158674.85 | U26: 99.5 | V26: 2889 | X26: 0.752 | Y26: 0.691 | Z26: 0.656 | AA26: 0.895 | AB26: 0.883 | AC26: 0.919 | AD26: 0.871 | AE26: 0.88 | AF26: 0.877 | AG26: 0.875 | AH26: 0.877 | AI26: 0.881 | AJ26: 0.879 | AK26: 0.874 | AL26: 0.854 | AM26: 0.854 | AN26: 0.845 | AO26: 0.833 | AP26: 0.863 | AQ26: 0.863 | AR26: 0.854 | AS26: 0.861 | AT26: 0.853 | AU26: 0.855 | AV26: 0.85 | AW26: 0.846 | AX26: 0.861 | AY26: 0.994 | AZ26: 0.861 | BA26: 0.847 | BB26: 0.861 | BC26: 0.851 | BD26: 0.855 | BE26: 0.863 | BF26: 0.878 | BG26: 0.847 | BH26: 0.854 | BI26: 0.84 | BJ26: 0.856 | BK26: 0.847 | BL26: 0.835 | BM26: 0.588
A27: CactusOS Absolute Performance | B27: 2 | C27: CactusOS Absolute Performance | D27: 39.77 | E27: 0 | F27: 2.77 | G27: 29.69 | H27: 173.62 | I27: 247.85 | J27: 0.85506944 | K27: 102629.16 | L27: 512 | M27: 3.5872 | N27: 9.48 | O27: 15.91 | P27: 50.92 | Q27: 62.75 | R27: 0.45285556 | S27: 1.307925 | T27: 156982.46 | U27: 99.5 | V27: 2889 | X27: 0.823 | Y27: 0.855 | Z27: 0.854 | AA27: 0.838 | AB27: 0.849 | AC27: 0.861 | AD27: 0.863 | AE27: 0.859 | AF27: 0.854 | AG27: 0.837 | AH27: 0.853 | AI27: 0.846 | AJ27: 0.852 | AK27: 0.857 | AL27: 0.849 | AM27: 0.86 | AN27: 0.854 | AO27: 0.871 | AP27: 0.864 | AQ27: 0.855 | AR27: 0.84 | AS27: 0.854 | AT27: 0.852 | AU27: 0.856 | AV27: 0.86 | AW27: 0.854 | AX27: 0.855 | AY27: 0.856 | AZ27: 0.843 | BA27: 0.934 | BB27: 0.844 | BC27: 0.855 | BD27: 0.853 | BE27: 0.858 | BF27: 0.862 | BG27: 0.855 | BH27: 0.856 | BI27: 0.854 | BJ27: 0.86 | BK27: 0.868 | BL27: 0.779
A28: CactusOS Absolute Performance | B28: 3 | C28: CactusOS Absolute Performance | D28: 39.77 | E28: 0 | F28: 3.24 | G28: 29.39 | H28: 176.85 | I28: 248.13 | J28: 0.84241111 | K28: 101099.44 | L28: 512 | M28: 3.3712 | N28: 9.67 | O28: 15.96 | P28: 51.39 | Q28: 62.91 | R28: 0.449375 | S28: 1.2917861 | T28: 155030.16 | U28: 99.7 | V28: 2895 | X28: 0.844 | Y28: 0.852 | Z28: 0.851 | AA28: 0.849 | AB28: 0.85 | AC28: 0.873 | AD28: 0.833 | AE28: 0.709 | AF28: 0.85 | AG28: 0.855 | AH28: 0.861 | AI28: 0.859 | AJ28: 0.843 | AK28: 0.845 | AL28: 0.871 | AM28: 0.858 | AN28: 0.846 | AO28: 0.862 | AP28: 0.841 | AQ28: 0.846 | AR28: 0.846 | AS28: 0.85 | AT28: 0.832 | AU28: 0.854 | AV28: 0.846 | AW28: 0.833 | AX28: 0.846 | AY28: 0.866 | AZ28: 0.836 | BA28: 0.834 | BB28: 0.854 | BC28: 0.849 | BD28: 0.846 | BE28: 0.835 | BF28: 0.852 | BG28: 0.87 | BH28: 0.851 | BI28: 0.84 | BJ28: 0.848 | BK28: 0.842 | BL28: 0.744
A29: High performance | B29: 1 | C29: High performance | D29: 39.78 | E29: 0 | F29: 5.27 | G29: 29.43 | H29: 175.58 | I29: 248.08 | J29: 0.85902703 | K29: 105870.18 | L29: 512 | M29: 3.3764 | N29: 9.33 | O29: 15.96 | P29: 51.75 | Q29: 62.87 | R29: 0.42393514 | S29: 1.2829622 | T29: 158117.28 | U29: 99.5 | V29: 2889 | X29: 0.87 | Y29: 0.885 | Z29: 0.894 | AA29: 0.896 | AB29: 0.88 | AC29: 0.898 | AD29: 0.904 | AE29: 0.586 | AF29: 0.886 | AG29: 0.903 | AH29: 0.893 | AI29: 0.894 | AJ29: 0.891 | AK29: 0.891 | AL29: 0.904 | AM29: 0.891 | AN29: 0.883 | AO29: 0.898 | AP29: 0.885 | AQ29: 0.899 | AR29: 0.894 | AS29: 0.897 | AT29: 0.893 | AU29: 0.89 | AV29: 0.868 | AW29: 0.907 | AX29: 0.895 | AY29: 0.901 | AZ29: 0.894 | BA29: 0.911 | BB29: 0.919 | BC29: 0.891 | BD29: 0.9 | BE29: 0.882 | BF29: 0.865 | BG29: 0.905 | BH29: 0.89 | BI29: 0.885 | BJ29: 0.89 | BK29: 0.894 | BL29: 0.807 | BM29: 0
A30: High performance | B30: 2 | C30: High performance | D30: 39.76 | E30: 0 | F30: 4.15 | G30: 29.08 | H30: 175 | I30: 248 | J30: 0.893025 | K30: 107171.42 | L30: 2097152 | M30: 3.1721 | N30: 8.83 | O30: 15.87 | P30: 51.14 | Q30: 62.83 | R30: 0.44175 | S30: 1.334775 | T30: 160184.8 | U30: 99.6 | V30: 2892 | X30: 1.181 | Y30: 0.969 | Z30: 0.992 | AA30: 0.943 | AB30: 0.902 | AC30: 0.902 | AD30: 0.902 | AE30: 0.885 | AF30: 0.887 | AG30: 0.904 | AH30: 0.901 | AI30: 0.906 | AJ30: 0.895 | AK30: 0.889 | AL30: 0.89 | AM30: 0.89 | AN30: 0.878 | AO30: 0.905 | AP30: 0.899 | AQ30: 0.901 | AR30: 0.89 | AS30: 0.9 | AT30: 0.909 | AU30: 0.88 | AV30: 0.891 | AW30: 0.899 | AX30: 0.887 | AY30: 0.894 | AZ30: 0.9 | BA30: 0.883 | BB30: 0.9 | BC30: 0.882 | BD30: 0.907 | BE30: 0.875 | BF30: 0.894 | BG30: 0.9 | BH30: 0.899 | BI30: 0.893 | BJ30: 0.899 | BK30: 0.898 | BL30: 0.833
A31: High performance | B31: 3 | C31: High performance | D31: 39.75 | E31: 0 | F31: 5.24 | G31: 29.36 | H31: 178.31 | I31: 248.27 | J31: 0.88538889 | K31: 106263.23 | L31: 512 | M31: 3.2837 | N31: 9.32 | O31: 15.97 | P31: 51.84 | Q31: 62.89 | R31: 0.43689722 | S31: 1.3222861 | T31: 158698.68 | U31: 99.3 | V31: 2885 | X31: 0.862 | Y31: 0.896 | Z31: 0.901 | AA31: 0.895 | AB31: 0.887 | AC31: 0.883 | AD31: 0.89 | AE31: 0.893 | AF31: 0.882 | AG31: 0.897 | AH31: 0.875 | AI31: 0.88 | AJ31: 0.869 | AK31: 0.896 | AL31: 0.887 | AM31: 0.869 | AN31: 0.888 | AO31: 0.898 | AP31: 0.903 | AQ31: 0.894 | AR31: 0.892 | AS31: 0.893 | AT31: 0.889 | AU31: 0.897 | AV31: 0.874 | AW31: 0.852 | AX31: 0.888 | AY31: 0.872 | AZ31: 0.871 | BA31: 0.881 | BB31: 0.892 | BC31: 0.913 | BD31: 0.901 | BE31: 0.888 | BF31: 0.898 | BG31: 0.892 | BH31: 0.899 | BI31: 0.875 | BJ31: 0.894 | BK31: 0.903 | BL31: 0.806
A32: Rosca Tweaks v2 | B32: 1 | C32: Rosca Tweaks v2 | D32: 44.99 | E32: 0 | F32: 5.02 | G32: 30.02 | H32: 178.09 | I32: 248.21 | J32: 0.87505714 | K32: 107481.86 | L32: 256 | M32: 3.586 | N32: 9.4 | O32: 15.96 | P32: 52.39 | Q32: 62.94 | R32: 0.44087619 | S32: 1.3159333 | T32: 161634.27 | U32: 99.5 | V32: 2890 | X32: 0.867 | Y32: 0.892 | Z32: 0.903 | AA32: 0.887 | AB32: 0.906 | AC32: 0.903 | AD32: 0.895 | AE32: 0.892 | AF32: 0.885 | AG32: 0.903 | AH32: 0.898 | AI32: 0.878 | AJ32: 0.89 | AK32: 0.909 | AL32: 0.891 | AM32: 0.893 | AN32: 0.878 | AO32: 0.895 | AP32: 0.888 | AQ32: 0.886 | AR32: 0.885 | AS32: 0.869 | AT32: 0.886 | AU32: 0.901 | AV32: 0.887 | AW32: 0.89 | AX32: 0.906 | AY32: 0.902 | AZ32: 0.907 | BA32: 0.897 | BB32: 0.905 | BC32: 0.9 | BD32: 0.901 | BE32: 0.891 | BF32: 0.893 | BG32: 0.906 | BH32: 0.9 | BI32: 0.894 | BJ32: 0.897 | BK32: 0.911 | BL32: 0.895 | BM32: 0.957 | BN32: 0.897 | BO32: 0.894 | BP32: 0.9
A33: Rosca Tweaks v2 | B33: 2 | C33: Rosca Tweaks v2 | D33: 39.77 | E33: 0 | F33: 4.97 | G33: 29.71 | H33: 174.74 | I33: 247.87 | J33: 0.89442778 | K33: 107357.88 | L33: 256 | M33: 3.4871 | N33: 9.52 | O33: 15.96 | P33: 52.34 | Q33: 62.91 | R33: 0.45173611 | S33: 1.3461639 | T33: 161580.74 | U33: 99.6 | V33: 2891 | X33: 0.883 | Y33: 0.888 | Z33: 0.886 | AA33: 0.897 | AB33: 0.877 | AC33: 0.9 | AD33: 0.902 | AE33: 0.909 | AF33: 0.893 | AG33: 0.891 | AH33: 0.898 | AI33: 0.892 | AJ33: 0.882 | AK33: 0.899 | AL33: 0.892 | AM33: 0.896 | AN33: 0.912 | AO33: 0.898 | AP33: 0.876 | AQ33: 0.893 | AR33: 0.892 | AS33: 0.901 | AT33: 0.898 | AU33: 0.896 | AV33: 0.903 | AW33: 0.882 | AX33: 0.888 | AY33: 0.89 | AZ33: 0.877 | BA33: 0.896 | BB33: 0.889 | BC33: 0.882 | BD33: 0.908 | BE33: 0.902 | BF33: 0.909 | BG33: 0.922 | BH33: 0.901 | BI33: 0.893 | BJ33: 0.884 | BK33: 0.9 | BL33: 0.852
A34: Rosca Tweaks v2 | B34: 3 | C34: Rosca Tweaks v2 | D34: 39.76 | E34: 0 | F34: 5 | G34: 29.66 | H34: 176.43 | I34: 248.06 | J34: 0.89375556 | K34: 107291.05 | L34: 512 | M34: 3.4773 | N34: 9.54 | O34: 15.96 | P34: 52.51 | Q34: 62.96 | R34: 0.45163611 | S34: 1.3453917 | T34: 161512.41 | U34: 99.4 | V34: 2886 | X34: 0.868 | Y34: 0.892 | Z34: 0.904 | AA34: 0.897 | AB34: 0.896 | AC34: 0.908 | AD34: 0.894 | AE34: 0.912 | AF34: 0.875 | AG34: 0.906 | AH34: 0.906 | AI34: 0.888 | AJ34: 0.885 | AK34: 0.9 | AL34: 0.901 | AM34: 0.906 | AN34: 0.9 | AO34: 0.889 | AP34: 0.906 | AQ34: 0.909 | AR34: 0.902 | AS34: 0.887 | AT34: 0.883 | AU34: 0.907 | AV34: 0.883 | AW34: 0.877 | AX34: 0.911 | AY34: 0.893 | AZ34: 0.902 | BA34: 0.893 | BB34: 0.892 | BC34: 0.894 | BD34: 0.88 | BE34: 0.888 | BF34: 0.9 | BG34: 0.903 | BH34: 0.894 | BI34: 0.885 | BJ34: 0.895 | BK34: 0.905 | BL34: 0.815
A35: Ultimate Performance | B35: 1 | C35: Ultimate Performance | D35: 45.04 | E35: 0 | F35: 5.27 | G35: 29.89 | H35: 179.06 | I35: 248.36 | J35: 0.87847143 | K35: 106306.35 | L35: 512 | M35: 3.4579 | N35: 9.18 | O35: 16.18 | P35: 53.1 | Q35: 63.01 | R35: 0.43368333 | S35: 1.3121548 | T35: 158793.94 | U35: 99.4 | V35: 2886 | X35: 0.861 | Y35: 0.896 | Z35: 0.91 | AA35: 0.899 | AB35: 0.874 | AC35: 0.905 | AD35: 0.879 | AE35: 0.883 | AF35: 0.905 | AG35: 0.892 | AH35: 0.906 | AI35: 0.884 | AJ35: 0.871 | AK35: 0.901 | AL35: 0.894 | AM35: 0.889 | AN35: 0.889 | AO35: 0.868 | AP35: 0.888 | AQ35: 0.9 | AR35: 0.883 | AS35: 0.911 | AT35: 0.877 | AU35: 0.891 | AV35: 0.893 | AW35: 0.885 | AX35: 0.897 | AY35: 0.863 | AZ35: 0.886 | BA35: 0.906 | BB35: 0.9 | BC35: 0.904 | BD35: 0.913 | BE35: 0.878 | BF35: 0.893 | BG35: 0.894 | BH35: 0.902 | BI35: 0.895 | BJ35: 0.855 | BK35: 0.873 | BL35: 0.888 | BM35: 0.87 | BN35: 0.859 | BO35: 0.885 | BP35: 0.876
A36: Ultimate Performance | B36: 2 | C36: Ultimate Performance | D36: 39.77 | E36: 0 | F36: 5.28 | G36: 29.74 | H36: 179.37 | I36: 248.54 | J36: 0.88935833 | K36: 106769.98 | L36: 512 | M36: 3.4024 | N36: 9.23 | O36: 16.23 | P36: 52.93 | Q36: 63.01 | R36: 0.43811389 | S36: 1.3274722 | T36: 159367.52 | U36: 99.5 | V36: 2889 | X36: 0.88 | Y36: 0.897 | Z36: 0.893 | AA36: 0.908 | AB36: 0.881 | AC36: 0.893 | AD36: 0.915 | AE36: 0.891 | AF36: 0.887 | AG36: 0.893 | AH36: 0.901 | AI36: 0.901 | AJ36: 0.886 | AK36: 0.898 | AL36: 0.896 | AM36: 0.884 | AN36: 0.882 | AO36: 0.895 | AP36: 0.891 | AQ36: 0.89 | AR36: 0.882 | AS36: 0.879 | AT36: 0.899 | AU36: 0.882 | AV36: 0.889 | AW36: 0.879 | AX36: 0.881 | AY36: 0.901 | AZ36: 0.892 | BA36: 0.891 | BB36: 0.906 | BC36: 0.905 | BD36: 0.895 | BE36: 0.889 | BF36: 0.879 | BG36: 0.928 | BH36: 0.879 | BI36: 0.853 | BJ36: 0.909 | BK36: 0.889 | BL36: 0.804
A37: Ultimate Performance | B37: 3 | C37: Ultimate Performance | D37: 39.76 | E37: 0 | F37: 3.6 | G37: 29.35 | H37: 173.83 | I37: 247.82 | J37: 0.89991111 | K37: 108042.85 | L37: 512 | M37: 3.2279 | N37: 8.26 | O37: 15.84 | P37: 51.95 | Q37: 62.97 | R37: 0.44954722 | S37: 1.3494583 | T37: 162017.12 | U37: 99.5 | V37: 2889 | X37: 0.861 | Y37: 0.888 | Z37: 0.902 | AA37: 0.887 | AB37: 0.882 | AC37: 0.897 | AD37: 0.893 | AE37: 0.899 | AF37: 0.882 | AG37: 0.894 | AH37: 0.898 | AI37: 0.901 | AJ37: 0.885 | AK37: 0.896 | AL37: 0.891 | AM37: 0.906 | AN37: 0.888 | AO37: 0.866 | AP37: 0.911 | AQ37: 0.895 | AR37: 0.895 | AS37: 0.885 | AT37: 0.891 | AU37: 0.906 | AV37: 0.883 | AW37: 0.883 | AX37: 0.903 | AY37: 0.869 | AZ37: 0.891 | BA37: 0.862 | BB37: 0.885 | BC37: 0.919 | BD37: 0.905 | BE37: 0.945 | BF37: 0.992 | BG37: 0.976 | BH37: 0.957 | BI37: 0.929 | BJ37: 0.934 | BK37: 0.902 | BL37: 0.776
A38: VTRL Optimized | B38: 1 | C38: VTRL Optimized | D38: 40.52 | E38: 0 | F38: 3.93 | G38: 28.76 | H38: 173.96 | I38: 247.82 | J38: 0.77859459 | K38: 93504.283 | L38: 512 | M38: 3.4955 | N38: 8.82 | O38: 15.95 | P38: 53.26 | Q38: 63.05 | R38: 0.40294324 | S38: 1.1815378 | T38: 141883.83 | U38: 99.6 | V38: 2893 | X38: 0.745 | Y38: 0.762 | Z38: 0.764 | AA38: 0.811 | AB38: 0.789 | AC38: 0.766 | AD38: 0.754 | AE38: 0.78 | AF38: 0.795 | AG38: 0.77 | AH38: 0.762 | AI38: 0.794 | AJ38: 0.8 | AK38: 0.779 | AL38: 0.765 | AM38: 0.773 | AN38: 0.804 | AO38: 0.776 | AP38: 0.765 | AQ38: 0.794 | AR38: 0.773 | AS38: 0.792 | AT38: 0.755 | AU38: 0.788 | AV38: 0.803 | AW38: 0.756 | AX38: 0.763 | AY38: 0.802 | AZ38: 0.796 | BA38: 0.803 | BB38: 0.76 | BC38: 0.777 | BD38: 0.803 | BE38: 0.795 | BF38: 0.754 | BG38: 0.795 | BH38: 0.789 | BI38: 0.792 | BJ38: 0.795 | BK38: 0.761 | BL38: 0.799 | BM38: 0.68
A39: VTRL Optimized | B39: 2 | C39: VTRL Optimized | D39: 39.75 | E39: 0 | F39: 4.03 | G39: 28.83 | H39: 179.95 | I39: 248.39 | J39: 0.7835 | K39: 94031.833 | L39: 256 | M39: 3.2354 | N39: 8.9 | O39: 15.91 | P39: 53.2 | Q39: 63.01 | R39: 0.40468056 | S39: 1.1881806 | T39: 142595.94 | U39: 99.6 | V39: 2891 | X39: 0.733 | Y39: 0.765 | Z39: 0.774 | AA39: 0.772 | AB39: 0.764 | AC39: 0.779 | AD39: 0.791 | AE39: 0.808 | AF39: 0.757 | AG39: 0.799 | AH39: 0.796 | AI39: 0.787 | AJ39: 0.769 | AK39: 0.805 | AL39: 0.787 | AM39: 0.791 | AN39: 0.74 | AO39: 0.788 | AP39: 0.794 | AQ39: 0.788 | AR39: 0.78 | AS39: 0.769 | AT39: 0.785 | AU39: 0.809 | AV39: 0.773 | AW39: 0.768 | AX39: 0.795 | AY39: 0.794 | AZ39: 0.799 | BA39: 0.766 | BB39: 0.788 | BC39: 0.809 | BD39: 0.775 | BE39: 0.763 | BF39: 0.805 | BG39: 0.781 | BH39: 0.783 | BI39: 0.761 | BJ39: 0.803 | BK39: 0.796 | BL39: 0.727
A40: VTRL Optimized | B40: 3 | C40: VTRL Optimized | D40: 39.72 | E40: 0 | F40: 4 | G40: 28.69 | H40: 179.18 | I40: 248.34 | J40: 0.78269722 | K40: 93942.538 | L40: 512 | M40: 3.2628 | N40: 8.89 | O40: 15.92 | P40: 53 | Q40: 63.01 | R40: 0.40430556 | S40: 1.1870028 | T40: 142460.34 | U40: 99.4 | V40: 2888 | X40: 0.747 | Y40: 0.796 | Z40: 0.795 | AA40: 0.783 | AB40: 0.757 | AC40: 0.808 | AD40: 0.78 | AE40: 0.778 | AF40: 0.757 | AG40: 0.793 | AH40: 0.805 | AI40: 0.802 | AJ40: 0.756 | AK40: 0.805 | AL40: 0.785 | AM40: 0.798 | AN40: 0.791 | AO40: 0.741 | AP40: 0.802 | AQ40: 0.786 | AR40: 0.788 | AS40: 0.774 | AT40: 0.774 | AU40: 0.779 | AV40: 0.783 | AW40: 0.768 | AX40: 0.795 | AY40: 0.775 | AZ40: 0.791 | BA40: 0.784 | BB40: 0.79 | BC40: 0.794 | BD40: 0.783 | BE40: 0.769 | BF40: 0.801 | BG40: 0.794 | BH40: 0.78 | BI40: 0.763 | BJ40: 0.79 | BK40: 0.789 | BL40: 0.725
A41: Sazinho Tweaks Latency Plan | B41: 1 | C41: Sazinho Tweaks Latency Plan | D41: 39.82 | E41: 0 | F41: 3.1 | G41: 30.08 | H41: 186.65 | I41: 249.16 | J41: 0.83709722 | K41: 100479.68 | L41: 512 | M41: 3.6633 | N41: 9.25 | O41: 16.46 | P41: 53.04 | Q41: 62.99 | R41: 0.438975 | S41: 1.2760722 | T41: 153169.73 | U41: 99.4 | V41: 2887 | X41: 0.813 | Y41: 0.851 | Z41: 0.847 | AA41: 0.84 | AB41: 0.825 | AC41: 0.82 | AD41: 0.839 | AE41: 0.833 | AF41: 0.825 | AG41: 0.856 | AH41: 0.84 | AI41: 0.851 | AJ41: 0.843 | AK41: 0.85 | AL41: 0.848 | AM41: 0.833 | AN41: 0.844 | AO41: 0.846 | AP41: 0.843 | AQ41: 0.84 | AR41: 0.828 | AS41: 0.832 | AT41: 0.849 | AU41: 0.842 | AV41: 0.835 | AW41: 0.83 | AX41: 0.845 | AY41: 0.852 | AZ41: 0.836 | BA41: 0.835 | BB41: 0.856 | BC41: 0.845 | BD41: 0.832 | BE41: 0.83 | BF41: 0.842 | BG41: 0.838 | BH41: 0.825 | BI41: 0.831 | BJ41: 0.854 | BK41: 0.83 | BL41: 0.759
A42: Sazinho Tweaks Latency Plan | B42: 2 | C42: Sazinho Tweaks Latency Plan | D42: 39.77 | E42: 0 | F42: 3.05 | G42: 29.83 | H42: 182.3 | I42: 248.67 | J42: 0.8336 | K42: 100064.42 | L42: 2097152 | M42: 3.5808 | N42: 9.23 | O42: 16.29 | P42: 52.84 | Q42: 62.98 | R42: 0.43821389 | S42: 1.2718139 | T42: 152667.74 | U42: 99.6 | V42: 2891 | X42: 0.962 | Y42: 0.818 | Z42: 0.848 | AA42: 0.839 | AB42: 0.833 | AC42: 0.859 | AD42: 0.844 | AE42: 0.845 | AF42: 0.815 | AG42: 0.839 | AH42: 0.849 | AI42: 0.836 | AJ42: 0.839 | AK42: 0.842 | AL42: 0.826 | AM42: 0.841 | AN42: 0.832 | AO42: 0.821 | AP42: 0.856 | AQ42: 0.83 | AR42: 0.831 | AS42: 0.846 | AT42: 0.82 | AU42: 0.858 | AV42: 0.832 | AW42: 0.819 | AX42: 0.844 | AY42: 0.832 | AZ42: 0.808 | BA42: 0.822 | BB42: 0.827 | BC42: 0.859 | BD42: 0.826 | BE42: 0.829 | BF42: 0.855 | BG42: 0.84 | BH42: 0.83 | BI42: 0.833 | BJ42: 0.822 | BK42: 0.841 | BL42: 0.762
A43: Sazinho Tweaks Latency Plan | B43: 3 | C43: Sazinho Tweaks Latency Plan | D43: 39.77 | E43: 0 | F43: 1.99 | G43: 28.17 | H43: 164.85 | I43: 246.96 | J43: 0.83253889 | K43: 99966.571 | L43: 2097152 | M43: 2.9755 | N43: 9.25 | O43: 15.95 | P43: 52.49 | Q43: 62.95 | R43: 0.45489722 | S43: 1.2874361 | T43: 154585.53 | U43: 99.5 | V43: 2889 | X43: 0.946 | Y43: 0.847 | Z43: 0.835 | AA43: 0.833 | AB43: 0.828 | AC43: 0.852 | AD43: 0.846 | AE43: 0.84 | AF43: 0.89 | AG43: 0.904 | AH43: 0.888 | AI43: 0.912 | AJ43: 0.881 | AK43: 0.839 | AL43: 0.832 | AM43: 0.839 | AN43: 0.83 | AO43: 0.831 | AP43: 0.816 | AQ43: 0.839 | AR43: 0.802 | AS43: 0.809 | AT43: 0.828 | AU43: 0.819 | AV43: 0.833 | AW43: 0.805 | AX43: 0.828 | AY43: 0.837 | AZ43: 0.822 | BA43: 0.804 | BB43: 0.825 | BC43: 0.817 | BD43: 0.825 | BE43: 0.808 | BF43: 0.82 | BG43: 0.83 | BH43: 0.825 | BI43: 0.813 | BJ43: 0.831 | BK43: 0.816 | BL43: 0.736
A44: Xilly's Public PowerPlan | B44: 1 | C44: Xilly's Public PowerPlan | D44: 39.79 | E44: 0 | F44: 5.37 | G44: 29.79 | H44: 179.91 | I44: 248.41 | J44: 0.88626389 | K44: 106386.85 | L44: 512 | M44: 3.3922 | N44: 9.24 | O44: 16.54 | P44: 53.19 | Q44: 63.03 | R44: 0.437075 | S44: 1.3233389 | T44: 158849.95 | U44: 99.5 | V44: 2890 | X44: 0.857 | Y44: 0.895 | Z44: 0.887 | AA44: 0.886 | AB44: 0.834 | AC44: 0.875 | AD44: 0.869 | AE44: 0.848 | AF44: 0.858 | AG44: 0.878 | AH44: 0.867 | AI44: 0.906 | AJ44: 0.881 | AK44: 0.895 | AL44: 0.885 | AM44: 0.904 | AN44: 0.889 | AO44: 0.898 | AP44: 0.885 | AQ44: 0.901 | AR44: 0.902 | AS44: 0.885 | AT44: 0.906 | AU44: 0.885 | AV44: 0.884 | AW44: 0.902 | AX44: 0.892 | AY44: 0.893 | AZ44: 0.905 | BA44: 0.887 | BB44: 0.906 | BC44: 0.883 | BD44: 0.899 | BE44: 0.893 | BF44: 0.883 | BG44: 0.893 | BH44: 0.88 | BI44: 0.886 | BJ44: 0.907 | BK44: 0.885 | BL44: 0.811
A45: Xilly's Public PowerPlan | B45: 2 | C45: Xilly's Public PowerPlan | D45: 39.79 | E45: 0 | F45: 5.33 | G45: 29.68 | H45: 179.18 | I45: 248.36 | J45: 0.81782564 | K45: 100495.94 | L45: 512 | M45: 3.3782 | N45: 9.34 | O45: 16.35 | P45: 53 | Q45: 63 | R45: 0.40498718 | S45: 1.2228128 | T45: 150261.89 | U45: 99.5 | V45: 2889 | X45: 0.868 | Y45: 0.905 | Z45: 0.89 | AA45: 0.879 | AB45: 0.893 | AC45: 0.9 | AD45: 0.886 | AE45: 0.899 | AF45: 0.882 | AG45: 0.899 | AH45: 0.901 | AI45: 0.899 | AJ45: 0.875 | AK45: 0.891 | AL45: 0.882 | AM45: 0.902 | AN45: 0.88 | AO45: 0.88 | AP45: 0.888 | AQ45: 0.889 | AR45: 0.901 | AS45: 0.891 | AT45: 0.895 | AU45: 0.889 | AV45: 0.884 | AW45: 0.88 | AX45: 0.91 | AY45: 0.878 | AZ45: 0.898 | BA45: 0.894 | BB45: 0.893 | BC45: 0.912 | BD45: 0.894 | BE45: 0.884 | BF45: 0.896 | BG45: 0.902 | BH45: 0.891 | BI45: 0.885 | BJ45: 0.891 | BK45: 0.897 | BL45: 0.676 | BM45: 0 | BN45: 0 | BO45: 0
A46: Xilly's Public PowerPlan | B46: 3 | C46: Xilly's Public PowerPlan | D46: 39.79 | E46: 0 | F46: 5.33 | G46: 29.56 | H46: 178.35 | I46: 248.26 | J46: 0.88801944 | K46: 106625.55 | L46: 512 | M46: 3.3748 | N46: 9.34 | O46: 16.4 | P46: 52.99 | Q46: 63.05 | R46: 0.44026944 | S46: 1.3282889 | T46: 159480.35 | U46: 99.6 | V46: 2892 | X46: 0.868 | Y46: 0.91 | Z46: 0.879 | AA46: 0.883 | AB46: 0.878 | AC46: 0.886 | AD46: 0.894 | AE46: 0.892 | AF46: 0.87 | AG46: 0.915 | AH46: 0.896 | AI46: 0.892 | AJ46: 0.884 | AK46: 0.89 | AL46: 0.889 | AM46: 0.892 | AN46: 0.887 | AO46: 0.874 | AP46: 0.88 | AQ46: 0.894 | AR46: 0.909 | AS46: 0.873 | AT46: 0.912 | AU46: 0.908 | AV46: 0.881 | AW46: 0.89 | AX46: 0.891 | AY46: 0.89 | AZ46: 0.889 | BA46: 0.882 | BB46: 0.901 | BC46: 0.89 | BD46: 0.892 | BE46: 0.883 | BF46: 0.896 | BG46: 0.913 | BH46: 0.895 | BI46: 0.865 | BJ46: 0.905 | BK46: 0.892 | BL46: 0.775
A47: imribiy 2026 Power Plan | B47: 1 | C47: imribiy 2026 Power Plan | D47: 45.04 | E47: 0 | F47: 3.19 | G47: 29.7 | H47: 181.44 | I47: 248.58 | J47: 0.84139524 | K47: 101198.21 | L47: 512 | M47: 3.5584 | N47: 9.32 | O47: 15.95 | P47: 51.71 | Q47: 62.87 | R47: 0.43861667 | S47: 1.2800119 | T47: 153929.13 | U47: 99.5 | V47: 2889 | X47: 0.825 | Y47: 0.834 | Z47: 0.857 | AA47: 0.855 | AB47: 0.837 | AC47: 0.853 | AD47: 0.86 | AE47: 0.856 | AF47: 0.835 | AG47: 0.847 | AH47: 0.855 | AI47: 0.844 | AJ47: 0.839 | AK47: 0.858 | AL47: 0.827 | AM47: 0.818 | AN47: 0.847 | AO47: 0.83 | AP47: 0.83 | AQ47: 0.83 | AR47: 0.862 | AS47: 0.845 | AT47: 0.839 | AU47: 0.851 | AV47: 0.848 | AW47: 0.837 | AX47: 0.847 | AY47: 0.85 | AZ47: 0.848 | BA47: 0.836 | BB47: 0.833 | BC47: 0.843 | BD47: 0.853 | BE47: 0.832 | BF47: 0.849 | BG47: 0.835 | BH47: 0.852 | BI47: 0.838 | BJ47: 0.843 | BK47: 0.862 | BL47: 0.843 | BM47: 0.834 | BN47: 0.854 | BO47: 0.854 | BP47: 0.853
A48: imribiy 2026 Power Plan | B48: 2 | C48: imribiy 2026 Power Plan | D48: 39.79 | E48: 0 | F48: 1.99 | G48: 29.12 | H48: 177.86 | I48: 248.27 | J48: 0.82368919 | K48: 101221.98 | L48: 512 | M48: 3.2831 | N48: 8.51 | O48: 15.83 | P48: 51.41 | Q48: 62.88 | R48: 0.43573514 | S48: 1.2594243 | T48: 154760.42 | U48: 99.5 | V48: 2889 | X48: 0.824 | Y48: 0.846 | Z48: 0.85 | AA48: 0.841 | AB48: 0.839 | AC48: 0.839 | AD48: 0.852 | AE48: 0.833 | AF48: 0.848 | AG48: 0.856 | AH48: 0.854 | AI48: 0.851 | AJ48: 0.827 | AK48: 0.848 | AL48: 0.862 | AM48: 0.829 | AN48: 0.833 | AO48: 0.867 | AP48: 0.84 | AQ48: 0.822 | AR48: 0.895 | AS48: 0.921 | AT48: 0.92 | AU48: 0.936 | AV48: 0.881 | AW48: 0.842 | AX48: 0.831 | AY48: 0.859 | AZ48: 0.837 | BA48: 0.812 | BB48: 0.847 | BC48: 0.819 | BD48: 0.816 | BE48: 0.802 | BF48: 0.8 | BG48: 0.81 | BH48: 0.809 | BI48: 0.831 | BJ48: 0.853 | BK48: 0.837 | BL48: 0.802 | BM48: 0.057
A49: imribiy 2026 Power Plan | B49: 3 | C49: imribiy 2026 Power Plan | D49: 39.76 | E49: 0 | F49: 3.37 | G49: 29.51 | H49: 180.43 | I49: 248.46 | J49: 0.84050556 | K49: 100867.66 | L49: 512 | M49: 3.4972 | N49: 9.4 | O49: 15.97 | P49: 51.75 | Q49: 62.83 | R49: 0.43976667 | S49: 1.2802722 | T49: 153642.37 | U49: 99.7 | V49: 2894 | X49: 0.801 | Y49: 0.847 | Z49: 0.861 | AA49: 0.841 | AB49: 0.847 | AC49: 0.842 | AD49: 0.848 | AE49: 0.846 | AF49: 0.839 | AG49: 0.862 | AH49: 0.837 | AI49: 0.848 | AJ49: 0.852 | AK49: 0.847 | AL49: 0.857 | AM49: 0.858 | AN49: 0.812 | AO49: 0.814 | AP49: 0.833 | AQ49: 0.853 | AR49: 0.831 | AS49: 0.869 | AT49: 0.849 | AU49: 0.847 | AV49: 0.845 | AW49: 0.845 | AX49: 0.851 | AY49: 0.829 | AZ49: 0.829 | BA49: 0.832 | BB49: 0.851 | BC49: 0.85 | BD49: 0.838 | BE49: 0.839 | BF49: 0.852 | BG49: 0.83 | BH49: 0.832 | BI49: 0.823 | BJ49: 0.846 | BK49: 0.851 | BL49: 0.772
A50: RevisionT Extreme Performance | B50: 1 | C50: RevisionT Extreme Performance | D50: 39.8 | E50: 0 | F50: 2.73 | G50: 30.07 | H50: 181.24 | I50: 248.57 | J50: 0.84183056 | K50: 101065.89 | L50: 512 | M50: 3.7279 | N50: 9.35 | O50: 15.95 | P50: 52.3 | Q50: 62.95 | R50: 0.44801667 | S50: 1.2898472 | T50: 154853.49 | U50: 99.5 | V50: 2889 | X50: 0.822 | Y50: 0.849 | Z50: 0.852 | AA50: 0.855 | AB50: 0.858 | AC50: 0.834 | AD50: 0.833 | AE50: 0.839 | AF50: 0.851 | AG50: 0.852 | AH50: 0.849 | AI50: 0.84 | AJ50: 0.846 | AK50: 0.846 | AL50: 0.847 | AM50: 0.851 | AN50: 0.829 | AO50: 0.838 | AP50: 0.85 | AQ50: 0.851 | AR50: 0.852 | AS50: 0.857 | AT50: 0.821 | AU50: 0.849 | AV50: 0.839 | AW50: 0.84 | AX50: 0.853 | AY50: 0.825 | AZ50: 0.845 | BA50: 0.839 | BB50: 0.843 | BC50: 0.843 | BD50: 0.844 | BE50: 0.842 | BF50: 0.845 | BG50: 0.859 | BH50: 0.853 | BI50: 0.831 | BJ50: 0.853 | BK50: 0.856 | BL50: 0.765
A51: RevisionT Extreme Performance | B51: 2 | C51: RevisionT Extreme Performance | D51: 39.8 | E51: 0 | F51: 2.96 | G51: 29.95 | H51: 180.47 | I51: 248.45 | J51: 0.83491389 | K51: 100234.71 | L51: 256 | M51: 3.6414 | N51: 9.41 | O51: 15.99 | P51: 52.79 | Q51: 62.99 | R51: 0.44171111 | S51: 1.276625 | T51: 153256.9 | U51: 99.4 | V51: 2888 | X51: 0.888 | Y51: 0.854 | Z51: 0.845 | AA51: 0.845 | AB51: 0.839 | AC51: 0.838 | AD51: 0.846 | AE51: 0.833 | AF51: 0.832 | AG51: 0.819 | AH51: 0.803 | AI51: 0.799 | AJ51: 0.806 | AK51: 0.812 | AL51: 0.814 | AM51: 0.802 | AN51: 0.805 | AO51: 0.831 | AP51: 0.818 | AQ51: 0.852 | AR51: 0.839 | AS51: 0.844 | AT51: 0.859 | AU51: 0.856 | AV51: 0.863 | AW51: 0.846 | AX51: 0.842 | AY51: 0.862 | AZ51: 0.853 | BA51: 0.832 | BB51: 0.838 | BC51: 0.848 | BD51: 0.852 | BE51: 0.85 | BF51: 0.841 | BG51: 0.86 | BH51: 0.847 | BI51: 0.837 | BJ51: 0.852 | BK51: 0.851 | BL51: 0.774
A52: RevisionT Extreme Performance | B52: 3 | C52: RevisionT Extreme Performance | D52: 39.82 | E52: 0 | F52: 2.68 | G52: 30.03 | H52: 180.95 | I52: 248.52 | J52: 0.845775 | K52: 101528.16 | L52: 512 | M52: 3.6884 | N52: 9.45 | O52: 15.95 | P52: 52.47 | Q52: 62.92 | R52: 0.45072222 | S52: 1.2964972 | T52: 155632.86 | U52: 99.5 | V52: 2889 | X52: 0.824 | Y52: 0.854 | Z52: 0.84 | AA52: 0.842 | AB52: 0.848 | AC52: 0.848 | AD52: 0.838 | AE52: 0.827 | AF52: 0.862 | AG52: 0.871 | AH52: 0.854 | AI52: 0.861 | AJ52: 0.841 | AK52: 0.821 | AL52: 0.838 | AM52: 0.849 | AN52: 0.851 | AO52: 0.851 | AP52: 0.866 | AQ52: 0.85 | AR52: 0.841 | AS52: 0.861 | AT52: 0.841 | AU52: 0.827 | AV52: 0.855 | AW52: 0.841 | AX52: 0.863 | AY52: 0.849 | AZ52: 0.843 | BA52: 0.854 | BB52: 0.847 | BC52: 0.848 | BD52: 0.852 | BE52: 0.825 | BF52: 0.86 | BG52: 0.857 | BH52: 0.844 | BI52: 0.848 | BJ52: 0.85 | BK52: 0.844 | BL52: 0.773
A53: LLG-C_RT1F1_D-FOR-PARKING+E-CORES-FIX | B53: 1 | C53: LLG-C?RT1F1?D-FOR-PARKING+E-CORES-FIX | D53: 39.8 | E53: 0 | F53: 3.13 | G53: 29.63 | H53: 180.91 | I53: 248.53 | J53: 0.81833514 | K53: 100896.73 | L53: 512 | M53: 3.5237 | N53: 9.23 | O53: 15.95 | P53: 51.31 | Q53: 62.8 | R53: 0.42705405 | S53: 1.2453892 | T53: 153550.58 | U53: 99.5 | V53: 2889 | X53: 0.835 | Y53: 0.852 | Z53: 0.845 | AA53: 0.877 | AB53: 0.824 | AC53: 0.853 | AD53: 0.833 | AE53: 0.844 | AF53: 0.837 | AG53: 0.842 | AH53: 0.844 | AI53: 0.83 | AJ53: 0.83 | AK53: 0.855 | AL53: 0.844 | AM53: 0.864 | AN53: 0.824 | AO53: 0.858 | AP53: 0.841 | AQ53: 0.836 | AR53: 0.837 | AS53: 0.836 | AT53: 0.836 | AU53: 0.863 | AV53: 0.83 | AW53: 0.836 | AX53: 0.842 | AY53: 0.853 | AZ53: 0.84 | BA53: 0.846 | BB53: 0.843 | BC53: 0.847 | BD53: 0.844 | BE53: 0.834 | BF53: 0.836 | BG53: 0.854 | BH53: 0.824 | BI53: 0.843 | BJ53: 0.843 | BK53: 0.857 | BL53: 0.8 | BM53: 0
A54: LLG-C_RT1F1_D-FOR-PARKING+E-CORES-FIX | B54: 2 | C54: LLG-C?RT1F1?D-FOR-PARKING+E-CORES-FIX | D54: 39.78 | E54: 0 | F54: 3.01 | G54: 29.57 | H54: 180.79 | I54: 248.54 | J54: 0.83992222 | K54: 100796 | L54: 512 | M54: 3.5056 | N54: 9.31 | O54: 15.95 | P54: 51.39 | Q54: 62.83 | R54: 0.43935556 | S54: 1.2792778 | T54: 153520.52 | U54: 99.5 | V54: 2890 | X54: 0.807 | Y54: 0.853 | Z54: 0.845 | AA54: 0.844 | AB54: 0.844 | AC54: 0.848 | AD54: 0.842 | AE54: 0.842 | AF54: 0.836 | AG54: 0.837 | AH54: 0.851 | AI54: 0.85 | AJ54: 0.843 | AK54: 0.837 | AL54: 0.85 | AM54: 0.847 | AN54: 0.82 | AO54: 0.838 | AP54: 0.841 | AQ54: 0.849 | AR54: 0.839 | AS54: 0.85 | AT54: 0.843 | AU54: 0.847 | AV54: 0.822 | AW54: 0.841 | AX54: 0.842 | AY54: 0.845 | AZ54: 0.841 | BA54: 0.83 | BB54: 0.853 | BC54: 0.856 | BD54: 0.846 | BE54: 0.839 | BF54: 0.838 | BG54: 0.854 | BH54: 0.837 | BI54: 0.835 | BJ54: 0.837 | BK54: 0.846 | BL54: 0.767
A55: LLG-C_RT1F1_D-FOR-PARKING+E-CORES-FIX | B55: 3 | C55: LLG-C?RT1F1?D-FOR-PARKING+E-CORES-FIX | D55: 39.77 | E55: 0 | F55: 3.09 | G55: 29.62 | H55: 181.01 | I55: 248.52 | J55: 0.84117222 | K55: 100949.06 | L55: 512 | M55: 3.5546 | N55: 9.32 | O55: 15.96 | P55: 51.39 | Q55: 62.91 | R55: 0.43933611 | S55: 1.2805083 | T55: 153672.76 | U55: 99.4 | V55: 2888 | X55: 0.821 | Y55: 0.826 | Z55: 0.846 | AA55: 0.828 | AB55: 0.841 | AC55: 0.864 | AD55: 0.856 | AE55: 0.852 | AF55: 0.845 | AG55: 0.863 | AH55: 0.849 | AI55: 0.823 | AJ55: 0.833 | AK55: 0.856 | AL55: 0.854 | AM55: 0.854 | AN55: 0.834 | AO55: 0.843 | AP55: 0.845 | AQ55: 0.85 | AR55: 0.833 | AS55: 0.83 | AT55: 0.846 | AU55: 0.847 | AV55: 0.842 | AW55: 0.829 | AX55: 0.842 | AY55: 0.846 | AZ55: 0.836 | BA55: 0.835 | BB55: 0.852 | BC55: 0.836 | BD55: 0.838 | BE55: 0.84 | BF55: 0.857 | BG55: 0.849 | BH55: 0.823 | BI55: 0.843 | BJ55: 0.838 | BK55: 0.847 | BL55: 0.758
A56: ARSENZA LOW LATENCY [ALL CPU] | B56: 1 | C56: ARSENZA LOW LATENCY [ALL CPU] | D56: 40.42 | E56: 0 | F56: 2.72 | G56: 28.64 | H56: 180.45 | I56: 248.53 | J56: 0.79048649 | K56: 95069.362 | L56: 512 | M56: 3.3549 | N56: 7.21 | O56: 15.65 | P56: 52.2 | Q56: 63.51 | R56: 0.3955 | S56: 1.1859865 | T56: 142614.7 | U56: 99.5 | V56: 2890 | X56: 0.768 | Y56: 0.782 | Z56: 0.783 | AA56: 0.791 | AB56: 0.794 | AC56: 0.803 | AD56: 0.777 | AE56: 0.799 | AF56: 0.798 | AG56: 0.784 | AH56: 0.786 | AI56: 0.796 | AJ56: 0.796 | AK56: 0.808 | AL56: 0.786 | AM56: 0.794 | AN56: 0.802 | AO56: 0.788 | AP56: 0.769 | AQ56: 0.774 | AR56: 0.8 | AS56: 0.88 | AT56: 0.789 | AU56: 0.783 | AV56: 0.815 | AW56: 0.795 | AX56: 0.791 | AY56: 0.79 | AZ56: 0.808 | BA56: 0.795 | BB56: 0.787 | BC56: 0.782 | BD56: 0.79 | BE56: 0.793 | BF56: 0.801 | BG56: 0.79 | BH56: 0.8 | BI56: 0.8 | BJ56: 0.767 | BK56: 0.765 | BL56: 0.803 | BM56: 0.661
A57: ARSENZA LOW LATENCY [ALL CPU] | B57: 2 | C57: ARSENZA LOW LATENCY [ALL CPU] | D57: 44.97 | E57: 0 | F57: 2.48 | G57: 28.56 | H57: 181.67 | I57: 248.62 | J57: 0.7718619 | K57: 94805.132 | L57: 512 | M57: 3.3561 | N57: 7.21 | O57: 15.66 | P57: 52.05 | Q57: 63.42 | R57: 0.38529762 | S57: 1.1571595 | T57: 142130.46 | U57: 99.5 | V57: 2889 | X57: 0.763 | Y57: 0.774 | Z57: 0.783 | AA57: 0.793 | AB57: 0.785 | AC57: 0.773 | AD57: 0.793 | AE57: 0.788 | AF57: 0.795 | AG57: 0.79 | AH57: 0.794 | AI57: 0.791 | AJ57: 0.792 | AK57: 0.763 | AL57: 0.802 | AM57: 0.8 | AN57: 0.794 | AO57: 0.78 | AP57: 0.8 | AQ57: 0.794 | AR57: 0.795 | AS57: 0.749 | AT57: 0.788 | AU57: 0.788 | AV57: 0.795 | AW57: 0.785 | AX57: 0.786 | AY57: 0.8 | AZ57: 0.794 | BA57: 0.788 | BB57: 0.806 | BC57: 0.8 | BD57: 0.801 | BE57: 0.798 | BF57: 0.789 | BG57: 0.807 | BH57: 0.793 | BI57: 0.792 | BJ57: 0.795 | BK57: 0.796 | BL57: 0.779 | BM57: 0.772 | BN57: 0.794 | BO57: 0.807 | BP57: 0.788
A58: ARSENZA LOW LATENCY [ALL CPU] | B58: 3 | C58: ARSENZA LOW LATENCY [ALL CPU] | D58: 39.76 | E58: 0 | F58: 2.54 | G58: 28.7 | H58: 180.88 | I58: 248.53 | J58: 0.79041389 | K58: 94882.222 | L58: 512 | M58: 3.3982 | N58: 7.26 | O58: 15.68 | P58: 52.22 | Q58: 63.38 | R58: 0.39441944 | S58: 1.1848333 | T58: 142224.35 | U58: 99.5 | V58: 2890 | X58: 0.771 | Y58: 0.794 | Z58: 0.796 | AA58: 0.799 | AB58: 0.773 | AC58: 0.792 | AD58: 0.784 | AE58: 0.798 | AF58: 0.772 | AG58: 0.772 | AH58: 0.802 | AI58: 0.8 | AJ58: 0.776 | AK58: 0.797 | AL58: 0.791 | AM58: 0.8 | AN58: 0.792 | AO58: 0.777 | AP58: 0.778 | AQ58: 0.799 | AR58: 0.845 | AS58: 0.85 | AT58: 0.789 | AU58: 0.798 | AV58: 0.779 | AW58: 0.782 | AX58: 0.804 | AY58: 0.795 | AZ58: 0.782 | BA58: 0.787 | BB58: 0.79 | BC58: 0.794 | BD58: 0.78 | BE58: 0.795 | BF58: 0.799 | BG58: 0.801 | BH58: 0.785 | BI58: 0.783 | BJ58: 0.785 | BK58: 0.778 | BL58: 0.721
A59: LLG-C_RT1F1_D-FOR-NON-K-CPUs | B59: 1 | C59: LLG-C?RT1F1?D-FOR-NON-K-CPUs | D59: 39.78 | E59: 0 | F59: 3.06 | G59: 29.7 | H59: 180.92 | I59: 248.53 | J59: 0.81731622 | K59: 100730.03 | L59: 512 | M59: 3.555 | N59: 9.33 | O59: 15.96 | P59: 51.68 | Q59: 62.92 | R59: 0.42894865 | S59: 1.2462649 | T59: 153594.79 | U59: 99.5 | V59: 2890 | X59: 0.8 | Y59: 0.842 | Z59: 0.82 | AA59: 0.845 | AB59: 0.841 | AC59: 0.834 | AD59: 0.854 | AE59: 0.831 | AF59: 0.832 | AG59: 0.844 | AH59: 0.847 | AI59: 0.842 | AJ59: 0.826 | AK59: 0.843 | AL59: 0.849 | AM59: 0.823 | AN59: 0.849 | AO59: 0.844 | AP59: 0.838 | AQ59: 0.83 | AR59: 0.843 | AS59: 0.853 | AT59: 0.845 | AU59: 0.837 | AV59: 0.835 | AW59: 0.826 | AX59: 0.834 | AY59: 0.853 | AZ59: 0.839 | BA59: 0.856 | BB59: 0.839 | BC59: 0.841 | BD59: 0.835 | BE59: 0.851 | BF59: 0.84 | BG59: 0.837 | BH59: 0.847 | BI59: 0.841 | BJ59: 0.86 | BK59: 0.839 | BL59: 0.809 | BM59: 0
A60: LLG-C_RT1F1_D-FOR-NON-K-CPUs | B60: 2 | C60: LLG-C?RT1F1?D-FOR-NON-K-CPUs | D60: 39.76 | E60: 0 | F60: 3.1 | G60: 29.61 | H60: 181.61 | I60: 248.58 | J60: 0.83875278 | K60: 100658.54 | L60: 512 | M60: 3.5429 | N60: 9.34 | O60: 15.95 | P60: 51.45 | Q60: 62.82 | R60: 0.43918056 | S60: 1.2779333 | T60: 153364.98 | U60: 99.6 | V60: 2893 | X60: 0.826 | Y60: 0.849 | Z60: 0.832 | AA60: 0.842 | AB60: 0.833 | AC60: 0.83 | AD60: 0.845 | AE60: 0.833 | AF60: 0.838 | AG60: 0.858 | AH60: 0.85 | AI60: 0.847 | AJ60: 0.846 | AK60: 0.833 | AL60: 0.845 | AM60: 0.837 | AN60: 0.834 | AO60: 0.837 | AP60: 0.82 | AQ60: 0.839 | AR60: 0.827 | AS60: 0.837 | AT60: 0.856 | AU60: 0.843 | AV60: 0.855 | AW60: 0.845 | AX60: 0.831 | AY60: 0.825 | AZ60: 0.849 | BA60: 0.835 | BB60: 0.845 | BC60: 0.833 | BD60: 0.857 | BE60: 0.833 | BF60: 0.854 | BG60: 0.86 | BH60: 0.846 | BI60: 0.825 | BJ60: 0.852 | BK60: 0.837 | BL60: 0.76
A61: LLG-C_RT1F1_D-FOR-NON-K-CPUs | B61: 3 | C61: LLG-C?RT1F1?D-FOR-NON-K-CPUs | D61: 39.78 | E61: 0 | F61: 3 | G61: 29.7 | H61: 181.44 | I61: 248.63 | J61: 0.84026389 | K61: 100843.5 | L61: 512 | M61: 3.575 | N61: 9.28 | O61: 15.94 | P61: 51.46 | Q61: 62.83 | R61: 0.43835 | S61: 1.2786139 | T61: 153450.34 | U61: 99.6 | V61: 2891 | X61: 0.799 | Y61: 0.846 | Z61: 0.85 | AA61: 0.843 | AB61: 0.839 | AC61: 0.844 | AD61: 0.843 | AE61: 0.843 | AF61: 0.805 | AG61: 0.855 | AH61: 0.847 | AI61: 0.85 | AJ61: 0.85 | AK61: 0.855 | AL61: 0.851 | AM61: 0.849 | AN61: 0.832 | AO61: 0.839 | AP61: 0.855 | AQ61: 0.835 | AR61: 0.823 | AS61: 0.847 | AT61: 0.835 | AU61: 0.847 | AV61: 0.837 | AW61: 0.855 | AX61: 0.844 | AY61: 0.845 | AZ61: 0.839 | BA61: 0.829 | BB61: 0.829 | BC61: 0.854 | BD61: 0.845 | BE61: 0.845 | BF61: 0.855 | BG61: 0.851 | BH61: 0.841 | BI61: 0.829 | BJ61: 0.849 | BK61: 0.836 | BL61: 0.758
A62: IIIEXOIII LOW LATENCY | B62: 1 | C62: IIIEXOIII LOW LATENCY | D62: 39.8 | E62: 0 | F62: 3.06 | G62: 29.54 | H62: 180.82 | I62: 248.5 | J62: 0.84168333 | K62: 101009.81 | L62: 512 | M62: 3.5073 | N62: 9.35 | O62: 15.94 | P62: 51.49 | Q62: 62.83 | R62: 0.44075278 | S62: 1.2824361 | T62: 153903.37 | U62: 99.6 | V62: 2892 | X62: 0.82 | Y62: 0.846 | Z62: 0.838 | AA62: 0.848 | AB62: 0.835 | AC62: 0.844 | AD62: 0.863 | AE62: 0.841 | AF62: 0.832 | AG62: 0.847 | AH62: 0.844 | AI62: 0.85 | AJ62: 0.839 | AK62: 0.855 | AL62: 0.849 | AM62: 0.849 | AN62: 0.844 | AO62: 0.854 | AP62: 0.85 | AQ62: 0.846 | AR62: 0.832 | AS62: 0.835 | AT62: 0.856 | AU62: 0.839 | AV62: 0.812 | AW62: 0.83 | AX62: 0.87 | AY62: 0.837 | AZ62: 0.848 | BA62: 0.839 | BB62: 0.828 | BC62: 0.858 | BD62: 0.841 | BE62: 0.837 | BF62: 0.857 | BG62: 0.86 | BH62: 0.845 | BI62: 0.827 | BJ62: 0.851 | BK62: 0.829 | BL62: 0.762
A63: IIIEXOIII LOW LATENCY | B63: 2 | C63: IIIEXOIII LOW LATENCY | D63: 39.81 | E63: 0 | F63: 3.1 | G63: 29.58 | H63: 181.64 | I63: 248.65 | J63: 0.81868108 | K63: 100942.43 | L63: 512 | M63: 3.5402 | N63: 9.34 | O63: 15.97 | P63: 51.82 | Q63: 62.9 | R63: 0.42864324 | S63: 1.2473243 | T63: 153794.17 | U63: 99.5 | V63: 2889 | X63: 0.829 | Y63: 0.846 | Z63: 0.834 | AA63: 0.823 | AB63: 0.839 | AC63: 0.852 | AD63: 0.845 | AE63: 0.852 | AF63: 0.83 | AG63: 0.845 | AH63: 0.845 | AI63: 0.835 | AJ63: 0.843 | AK63: 0.832 | AL63: 0.842 | AM63: 0.86 | AN63: 0.822 | AO63: 0.848 | AP63: 0.848 | AQ63: 0.847 | AR63: 0.838 | AS63: 0.843 | AT63: 0.858 | AU63: 0.843 | AV63: 0.808 | AW63: 0.846 | AX63: 0.844 | AY63: 0.835 | AZ63: 0.829 | BA63: 0.85 | BB63: 0.852 | BC63: 0.848 | BD63: 0.85 | BE63: 0.832 | BF63: 0.848 | BG63: 0.85 | BH63: 0.853 | BI63: 0.84 | BJ63: 0.852 | BK63: 0.854 | BL63: 0.772 | BM63: 0
A64: IIIEXOIII LOW LATENCY | B64: 3 | C64: IIIEXOIII LOW LATENCY | D64: 39.76 | E64: 0 | F64: 3.08 | G64: 29.57 | H64: 181.52 | I64: 248.65 | J64: 0.8408 | K64: 100910.72 | L64: 2097152 | M64: 3.514 | N64: 9.4 | O64: 15.96 | P64: 51.64 | Q64: 62.87 | R64: 0.44146667 | S64: 1.2822667 | T64: 153892.76 | U64: 99.5 | V64: 2890 | X64: 0.911 | Y64: 0.852 | Z64: 0.836 | AA64: 0.844 | AB64: 0.828 | AC64: 0.825 | AD64: 0.849 | AE64: 0.829 | AF64: 0.845 | AG64: 0.838 | AH64: 0.844 | AI64: 0.843 | AJ64: 0.833 | AK64: 0.842 | AL64: 0.853 | AM64: 0.849 | AN64: 0.846 | AO64: 0.839 | AP64: 0.856 | AQ64: 0.853 | AR64: 0.836 | AS64: 0.843 | AT64: 0.85 | AU64: 0.843 | AV64: 0.856 | AW64: 0.828 | AX64: 0.842 | AY64: 0.838 | AZ64: 0.833 | BA64: 0.831 | BB64: 0.86 | BC64: 0.82 | BD64: 0.855 | BE64: 0.846 | BF64: 0.859 | BG64: 0.851 | BH64: 0.842 | BI64: 0.845 | BJ64: 0.834 | BK64: 0.835 | BL64: 0.779
A65: XNRL Pro Plan | B65: 1 | C65: XNRL Pro Plan | D65: 46.54 | E65: 0 | F65: 4.91 | G65: 29.54 | H65: 181.49 | I65: 248.57 | J65: 0.87876977 | K65: 105504.57 | L65: 512 | M65: 3.3626 | N65: 9.59 | O65: 15.89 | P65: 51.12 | Q65: 62.82 | R65: 0.44903953 | S65: 1.3278093 | T65: 159414.6 | U65: 99.6 | V65: 2892 | X65: 0.864 | Y65: 0.855 | Z65: 0.87 | AA65: 0.864 | AB65: 0.882 | AC65: 0.876 | AD65: 0.889 | AE65: 0.882 | AF65: 0.863 | AG65: 0.86 | AH65: 0.886 | AI65: 0.882 | AJ65: 0.877 | AK65: 0.883 | AL65: 0.905 | AM65: 0.874 | AN65: 0.869 | AO65: 0.877 | AP65: 0.887 | AQ65: 0.865 | AR65: 0.876 | AS65: 0.873 | AT65: 0.886 | AU65: 0.878 | AV65: 0.893 | AW65: 0.86 | AX65: 0.882 | AY65: 0.874 | AZ65: 0.874 | BA65: 0.865 | BB65: 0.89 | BC65: 0.876 | BD65: 0.885 | BE65: 0.89 | BF65: 0.885 | BG65: 0.878 | BH65: 0.894 | BI65: 0.899 | BJ65: 0.892 | BK65: 0.87 | BL65: 0.885 | BM65: 0.884 | BN65: 0.889 | BO65: 0.888 | BP65: 0.871
A66: XNRL Pro Plan | B66: 2 | C66: XNRL Pro Plan | D66: 39.81 | E66: 0 | F66: 4.92 | G66: 29.51 | H66: 180.24 | I66: 248.44 | J66: 0.86248919 | K66: 105637.21 | L66: 512 | M66: 3.3666 | N66: 9.51 | O66: 15.88 | P66: 50.91 | Q66: 62.82 | R66: 0.43764865 | S66: 1.3001378 | T66: 159315.54 | U66: 99.6 | V66: 2893 | X66: 0.873 | Y66: 0.881 | Z66: 0.898 | AA66: 0.883 | AB66: 0.861 | AC66: 0.887 | AD66: 0.897 | AE66: 0.882 | AF66: 0.88 | AG66: 0.902 | AH66: 0.885 | AI66: 0.866 | AJ66: 0.886 | AK66: 0.897 | AL66: 0.876 | AM66: 0.88 | AN66: 0.853 | AO66: 0.872 | AP66: 0.888 | AQ66: 0.87 | AR66: 0.876 | AS66: 0.876 | AT66: 0.896 | AU66: 0.886 | AV66: 0.856 | AW66: 0.892 | AX66: 0.884 | AY66: 0.895 | AZ66: 0.887 | BA66: 0.88 | BB66: 0.894 | BC66: 0.895 | BD66: 0.886 | BE66: 0.892 | BF66: 0.868 | BG66: 0.888 | BH66: 0.874 | BI66: 0.875 | BJ66: 0.855 | BK66: 0.891 | BL66: 0.852 | BM66: 0.193
A67: XNRL Pro Plan | B67: 3 | C67: XNRL Pro Plan | D67: 39.81 | E67: 0 | F67: 5.17 | G67: 29.5 | H67: 182.52 | I67: 248.75 | J67: 0.8127 | K67: 98901.24 | L67: 512 | M67: 3.282 | N67: 9.37 | O67: 15.91 | P67: 51.52 | Q67: 62.9 | R67: 0.40812051 | S67: 1.2208205 | T67: 148567.28 | U67: 99.5 | V67: 2889 | X67: 0.858 | Y67: 0.887 | Z67: 0.949 | AA67: 0.865 | AB67: 0.852 | AC67: 0.881 | AD67: 0.874 | AE67: 0.888 | AF67: 0.877 | AG67: 0.897 | AH67: 0.873 | AI67: 0.879 | AJ67: 0.884 | AK67: 0.881 | AL67: 0.896 | AM67: 0.882 | AN67: 0.844 | AO67: 0.881 | AP67: 0.882 | AQ67: 0.883 | AR67: 0.878 | AS67: 0.889 | AT67: 0.864 | AU67: 0.872 | AV67: 0.859 | AW67: 0.881 | AX67: 0.869 | AY67: 0.896 | AZ67: 0.877 | BA67: 0.899 | BB67: 0.886 | BC67: 0.89 | BD67: 0.882 | BE67: 0.873 | BF67: 0.878 | BG67: 0.895 | BH67: 0.846 | BI67: 0.865 | BJ67: 0.89 | BK67: 0.896 | BL67: 0.865 | BM67: 0.043 | BN67: 0 | BO67: 0
A68: Iris | B68: 1 | C68: Iris | D68: 39.8 | E68: 0 | F68: 3.09 | G68: 29.64 | H68: 182.67 | I68: 248.71 | J68: 0.83980556 | K68: 100781.51 | L68: 512 | M68: 3.5386 | N68: 9.34 | O68: 15.96 | P68: 51.72 | Q68: 62.88 | R68: 0.44119444 | S68: 1.281 | T68: 153725.95 | U68: 99.5 | V68: 2889 | X68: 0.823 | Y68: 0.845 | Z68: 0.845 | AA68: 0.843 | AB68: 0.839 | AC68: 0.852 | AD68: 0.845 | AE68: 0.854 | AF68: 0.837 | AG68: 0.849 | AH68: 0.851 | AI68: 0.839 | AJ68: 0.841 | AK68: 0.842 | AL68: 0.85 | AM68: 0.837 | AN68: 0.833 | AO68: 0.846 | AP68: 0.829 | AQ68: 0.833 | AR68: 0.832 | AS68: 0.842 | AT68: 0.841 | AU68: 0.85 | AV68: 0.838 | AW68: 0.844 | AX68: 0.845 | AY68: 0.85 | AZ68: 0.82 | BA68: 0.841 | BB68: 0.841 | BC68: 0.846 | BD68: 0.833 | BE68: 0.838 | BF68: 0.84 | BG68: 0.862 | BH68: 0.841 | BI68: 0.837 | BJ68: 0.828 | BK68: 0.848 | BL68: 0.779
A69: Iris | B69: 2 | C69: Iris | D69: 39.76 | E69: 0 | F69: 3.11 | G69: 29.49 | H69: 180.85 | I69: 248.51 | J69: 0.83608333 | K69: 100336.51 | L69: 512 | M69: 3.5018 | N69: 9.37 | O69: 15.96 | P69: 51.85 | Q69: 62.91 | R69: 0.43896667 | S69: 1.27505 | T69: 153015.37 | U69: 99.5 | V69: 2889 | X69: 0.802 | Y69: 0.82 | Z69: 0.861 | AA69: 0.828 | AB69: 0.821 | AC69: 0.849 | AD69: 0.848 | AE69: 0.838 | AF69: 0.835 | AG69: 0.839 | AH69: 0.833 | AI69: 0.841 | AJ69: 0.831 | AK69: 0.854 | AL69: 0.851 | AM69: 0.817 | AN69: 0.826 | AO69: 0.843 | AP69: 0.842 | AQ69: 0.847 | AR69: 0.815 | AS69: 0.848 | AT69: 0.83 | AU69: 0.818 | AV69: 0.821 | AW69: 0.821 | AX69: 0.847 | AY69: 0.847 | AZ69: 0.838 | BA69: 0.847 | BB69: 0.827 | BC69: 0.848 | BD69: 0.835 | BE69: 0.834 | BF69: 0.853 | BG69: 0.852 | BH69: 0.849 | BI69: 0.848 | BJ69: 0.849 | BK69: 0.838 | BL69: 0.741
A70: Iris | B70: 3 | C70: Iris | D70: 39.73 | E70: 0 | F70: 3.06 | G70: 29.59 | H70: 182.07 | I70: 248.63 | J70: 0.83945278 | K70: 100748.29 | L70: 512 | M70: 3.4938 | N70: 9.35 | O70: 15.95 | P70: 51.73 | Q70: 62.85 | R70: 0.44031389 | S70: 1.2797667 | T70: 153592.05 | U70: 99.6 | V70: 2891 | X70: 0.817 | Y70: 0.834 | Z70: 0.842 | AA70: 0.837 | AB70: 0.825 | AC70: 0.855 | AD70: 0.85 | AE70: 0.847 | AF70: 0.836 | AG70: 0.853 | AH70: 0.846 | AI70: 0.841 | AJ70: 0.831 | AK70: 0.834 | AL70: 0.844 | AM70: 0.849 | AN70: 0.833 | AO70: 0.834 | AP70: 0.838 | AQ70: 0.833 | AR70: 0.835 | AS70: 0.834 | AT70: 0.839 | AU70: 0.846 | AV70: 0.842 | AW70: 0.829 | AX70: 0.836 | AY70: 0.847 | AZ70: 0.845 | BA70: 0.847 | BB70: 0.839 | BC70: 0.848 | BD70: 0.843 | BE70: 0.823 | BF70: 0.847 | BG70: 0.841 | BH70: 0.847 | BI70: 0.835 | BJ70: 0.852 | BK70: 0.841 | BL70: 0.782
A71: Hybred Low Latency (HP | B71: 1 | C71: Hybred Low Latency (HP | D71: 39.8 | E71: 0 | F71: 3.04 | G71: 29.61 | H71: 180.97 | I71: 248.58 | J71: 0.84091389 | K71: 100911.87 | L71: 512 | M71: 3.5458 | N71: 9.33 | O71: 15.95 | P71: 51.75 | Q71: 62.91 | R71: 0.44163889 | S71: 1.2825528 | T71: 153910.15 | U71: 99.6 | V71: 2891 | X71: 0.808 | Y71: 0.842 | Z71: 0.85 | AA71: 0.845 | AB71: 0.839 | AC71: 0.848 | AD71: 0.841 | AE71: 0.846 | AF71: 0.836 | AG71: 0.848 | AH71: 0.856 | AI71: 0.84 | AJ71: 0.835 | AK71: 0.822 | AL71: 0.839 | AM71: 0.848 | AN71: 0.828 | AO71: 0.842 | AP71: 0.838 | AQ71: 0.847 | AR71: 0.834 | AS71: 0.846 | AT71: 0.853 | AU71: 0.835 | AV71: 0.831 | AW71: 0.852 | AX71: 0.846 | AY71: 0.848 | AZ71: 0.844 | BA71: 0.85 | BB71: 0.851 | BC71: 0.842 | BD71: 0.846 | BE71: 0.804 | BF71: 0.849 | BG71: 0.852 | BH71: 0.837 | BI71: 0.835 | BJ71: 0.853 | BK71: 0.861 | BL71: 0.79
A72: Hybred Low Latency (HP | B72: 2 | C72: Hybred Low Latency (HP | D72: 39.78 | E72: 0 | F72: 3.06 | G72: 29.53 | H72: 182.12 | I72: 249.08 | J72: 0.84071944 | K72: 100902.93 | L72: 512 | M72: 3.5148 | N72: 9.4 | O72: 15.98 | P72: 51.87 | Q72: 62.97 | R72: 0.44185278 | S72: 1.2825722 | T72: 153931.43 | U72: 99.6 | V72: 2891 | X72: 0.821 | Y72: 0.821 | Z72: 0.855 | AA72: 0.833 | AB72: 0.821 | AC72: 0.84 | AD72: 0.84 | AE72: 0.837 | AF72: 0.831 | AG72: 0.84 | AH72: 0.85 | AI72: 0.837 | AJ72: 0.819 | AK72: 0.853 | AL72: 0.895 | AM72: 0.833 | AN72: 0.831 | AO72: 0.845 | AP72: 0.848 | AQ72: 0.846 | AR72: 0.837 | AS72: 0.841 | AT72: 0.831 | AU72: 0.844 | AV72: 0.83 | AW72: 0.844 | AX72: 0.868 | AY72: 0.856 | AZ72: 0.83 | BA72: 0.84 | BB72: 0.854 | BC72: 0.845 | BD72: 0.839 | BE72: 0.835 | BF72: 0.855 | BG72: 0.84 | BH72: 0.825 | BI72: 0.832 | BJ72: 0.851 | BK72: 0.855 | BL72: 0.769
A73: Hybred Low Latency (HP | B73: 3 | C73: Hybred Low Latency (HP | D73: 39.78 | E73: 0 | F73: 3.04 | G73: 29.57 | H73: 183.18 | I73: 248.74 | J73: 0.83859167 | K73: 100640.84 | L73: 512 | M73: 3.5078 | N73: 9.39 | O73: 15.97 | P73: 51.74 | Q73: 62.88 | R73: 0.43985556 | S73: 1.2784472 | T73: 153428.12 | U73: 99.4 | V73: 2888 | X73: 0.829 | Y73: 0.831 | Z73: 0.848 | AA73: 0.821 | AB73: 0.836 | AC73: 0.841 | AD73: 0.835 | AE73: 0.828 | AF73: 0.835 | AG73: 0.848 | AH73: 0.831 | AI73: 0.867 | AJ73: 0.838 | AK73: 0.842 | AL73: 0.857 | AM73: 0.851 | AN73: 0.836 | AO73: 0.842 | AP73: 0.826 | AQ73: 0.85 | AR73: 0.823 | AS73: 0.846 | AT73: 0.835 | AU73: 0.841 | AV73: 0.848 | AW73: 0.83 | AX73: 0.848 | AY73: 0.846 | AZ73: 0.834 | BA73: 0.829 | BB73: 0.834 | BC73: 0.847 | BD73: 0.846 | BE73: 0.84 | BF73: 0.85 | BG73: 0.847 | BH73: 0.842 | BI73: 0.832 | BJ73: 0.832 | BK73: 0.846 | BL73: 0.766
A74: GALA's ultimate performance(AMD | B74: 1 | C74: GALA's ultimate performance(AMD | D74: 39.79 | E74: 0 | F74: 1.98 | G74: 27.67 | H74: 180.51 | I74: 248.47 | J74: 0.816475 | K74: 97982.296 | L74: 512 | M74: 3.0004 | N74: 9.72 | O74: 15.7 | P74: 48.88 | Q74: 62.61 | R74: 0.47628889 | S74: 1.2927639 | T74: 155140.05 | U74: 99.6 | V74: 2892 | X74: 0.768 | Y74: 0.806 | Z74: 0.8 | AA74: 0.796 | AB74: 0.795 | AC74: 0.802 | AD74: 0.811 | AE74: 0.803 | AF74: 0.796 | AG74: 0.792 | AH74: 0.794 | AI74: 0.795 | AJ74: 0.788 | AK74: 0.804 | AL74: 0.805 | AM74: 0.808 | AN74: 0.797 | AO74: 0.809 | AP74: 0.804 | AQ74: 0.808 | AR74: 0.793 | AS74: 0.814 | AT74: 0.797 | AU74: 0.802 | AV74: 0.792 | AW74: 0.813 | AX74: 0.804 | AY74: 0.807 | AZ74: 0.795 | BA74: 0.869 | BB74: 0.9 | BC74: 0.901 | BD74: 0.885 | BE74: 0.873 | BF74: 0.813 | BG74: 0.819 | BH74: 0.933 | BI74: 0.802 | BJ74: 0.81 | BK74: 0.807 | BL74: 0.748
A75: GALA's ultimate performance(AMD | B75: 2 | C75: GALA's ultimate performance(AMD | D75: 39.8 | E75: 0 | F75: 2.56 | G75: 28.31 | H75: 184.32 | I75: 248.87 | J75: 0.80199167 | K75: 96243.46 | L75: 512 | M75: 3.1873 | N75: 10.34 | O75: 15.82 | P75: 50.06 | Q75: 62.69 | R75: 0.46325 | S75: 1.2652417 | T75: 151837.05 | U75: 99.5 | V75: 2890 | X75: 0.784 | Y75: 0.809 | Z75: 0.807 | AA75: 0.783 | AB75: 0.798 | AC75: 0.797 | AD75: 0.812 | AE75: 0.792 | AF75: 0.803 | AG75: 0.811 | AH75: 0.804 | AI75: 0.809 | AJ75: 0.803 | AK75: 0.808 | AL75: 0.81 | AM75: 0.798 | AN75: 0.792 | AO75: 0.807 | AP75: 0.802 | AQ75: 0.806 | AR75: 0.793 | AS75: 0.805 | AT75: 0.804 | AU75: 0.806 | AV75: 0.796 | AW75: 0.801 | AX75: 0.807 | AY75: 0.805 | AZ75: 0.798 | BA75: 0.787 | BB75: 0.792 | BC75: 0.807 | BD75: 0.801 | BE75: 0.793 | BF75: 0.801 | BG75: 0.79 | BH75: 0.795 | BI75: 0.799 | BJ75: 0.785 | BK75: 0.888 | BL75: 0.763
A76: GALA's ultimate performance(AMD | B76: 3 | C76: GALA's ultimate performance(AMD | D76: 39.78 | E76: 0 | F76: 2.48 | G76: 28.12 | H76: 184.83 | I76: 248.9 | J76: 0.79919444 | K76: 95905.874 | L76: 512 | M76: 3.1911 | N76: 10.35 | O76: 15.81 | P76: 49.79 | Q76: 62.69 | R76: 0.46343611 | S76: 1.2626306 | T76: 151522.75 | U76: 99.5 | V76: 2890 | X76: 0.77 | Y76: 0.804 | Z76: 0.804 | AA76: 0.807 | AB76: 0.797 | AC76: 0.802 | AD76: 0.804 | AE76: 0.777 | AF76: 0.794 | AG76: 0.808 | AH76: 0.808 | AI76: 0.801 | AJ76: 0.801 | AK76: 0.806 | AL76: 0.802 | AM76: 0.792 | AN76: 0.788 | AO76: 0.795 | AP76: 0.789 | AQ76: 0.801 | AR76: 0.792 | AS76: 0.804 | AT76: 0.808 | AU76: 0.807 | AV76: 0.794 | AW76: 0.8 | AX76: 0.811 | AY76: 0.805 | AZ76: 0.792 | BA76: 0.789 | BB76: 0.802 | BC76: 0.81 | BD76: 0.801 | BE76: 0.804 | BF76: 0.808 | BG76: 0.809 | BH76: 0.791 | BI76: 0.79 | BJ76: 0.791 | BK76: 0.807 | BL76: 0.785
A77: Sapphire | B77: 1 | C77: Sapphire | D77: 39.78 | E77: 0 | F77: 2.77 | G77: 29.99 | H77: 183.47 | I77: 248.79 | J77: 0.84188333 | K77: 101059.31 | L77: 512 | M77: 3.7528 | N77: 9.34 | O77: 15.98 | P77: 52.49 | Q77: 62.96 | R77: 0.44619167 | S77: 1.288075 | T77: 154619.05 | U77: 99.7 | V77: 2894 | X77: 0.815 | Y77: 0.859 | Z77: 0.835 | AA77: 0.845 | AB77: 0.847 | AC77: 0.852 | AD77: 0.854 | AE77: 0.849 | AF77: 0.855 | AG77: 0.853 | AH77: 0.842 | AI77: 0.841 | AJ77: 0.844 | AK77: 0.853 | AL77: 0.858 | AM77: 0.842 | AN77: 0.837 | AO77: 0.851 | AP77: 0.842 | AQ77: 0.843 | AR77: 0.823 | AS77: 0.844 | AT77: 0.831 | AU77: 0.866 | AV77: 0.851 | AW77: 0.852 | AX77: 0.85 | AY77: 0.846 | AZ77: 0.86 | BA77: 0.838 | BB77: 0.849 | BC77: 0.852 | BD77: 0.81 | BE77: 0.829 | BF77: 0.845 | BG77: 0.842 | BH77: 0.833 | BI77: 0.819 | BJ77: 0.862 | BK77: 0.834 | BL77: 0.759
A78: Sapphire | B78: 2 | C78: Sapphire | D78: 39.78 | E78: 0 | F78: 3.02 | G78: 30.08 | H78: 182.98 | I78: 248.72 | J78: 0.83196944 | K78: 99868.546 | L78: 512 | M78: 3.716 | N78: 9.2 | O78: 16.28 | P78: 52.96 | Q78: 63.06 | R78: 0.4374 | S78: 1.2693694 | T78: 152370.61 | U78: 99.4 | V78: 2887 | X78: 0.815 | Y78: 0.842 | Z78: 0.851 | AA78: 0.828 | AB78: 0.812 | AC78: 0.837 | AD78: 0.825 | AE78: 0.84 | AF78: 0.827 | AG78: 0.834 | AH78: 0.838 | AI78: 0.839 | AJ78: 0.823 | AK78: 0.833 | AL78: 0.795 | AM78: 0.838 | AN78: 0.831 | AO78: 0.829 | AP78: 0.85 | AQ78: 0.835 | AR78: 0.832 | AS78: 0.825 | AT78: 0.829 | AU78: 0.837 | AV78: 0.836 | AW78: 0.821 | AX78: 0.849 | AY78: 0.825 | AZ78: 0.833 | BA78: 0.841 | BB78: 0.837 | BC78: 0.84 | BD78: 0.837 | BE78: 0.834 | BF78: 0.832 | BG78: 0.839 | BH78: 0.833 | BI78: 0.854 | BJ78: 0.837 | BK78: 0.848 | BL78: 0.76
A79: Sapphire | B79: 3 | C79: Sapphire | D79: 39.79 | E79: 0 | F79: 3.01 | G79: 29.89 | H79: 183.35 | I79: 248.76 | J79: 0.83549167 | K79: 100286.38 | L79: 512 | M79: 3.6314 | N79: 9.23 | O79: 16.23 | P79: 52.92 | Q79: 63 | R79: 0.43901667 | S79: 1.2745083 | T79: 152979.98 | U79: 99.5 | V79: 2889 | X79: 0.798 | Y79: 0.848 | Z79: 0.852 | AA79: 0.823 | AB79: 0.831 | AC79: 0.844 | AD79: 0.852 | AE79: 0.821 | AF79: 0.817 | AG79: 0.855 | AH79: 0.829 | AI79: 0.835 | AJ79: 0.838 | AK79: 0.845 | AL79: 0.848 | AM79: 0.841 | AN79: 0.829 | AO79: 0.835 | AP79: 0.855 | AQ79: 0.844 | AR79: 0.823 | AS79: 0.839 | AT79: 0.836 | AU79: 0.848 | AV79: 0.826 | AW79: 0.819 | AX79: 0.841 | AY79: 0.837 | AZ79: 0.844 | BA79: 0.817 | BB79: 0.85 | BC79: 0.846 | BD79: 0.831 | BE79: 0.851 | BF79: 0.836 | BG79: 0.849 | BH79: 0.845 | BI79: 0.806 | BJ79: 0.837 | BK79: 0.837 | BL79: 0.774
A80: FPSHEAVEN2026 | B80: 1 | C80: FPSHEAVEN2026 | D80: 39.82 | E80: 0 | F80: 2.81 | G80: 28.38 | H80: 183.86 | I80: 248.81 | J80: 0.78275405 | K80: 94884.296 | L80: 512 | M80: 3.1908 | N80: 10.3 | O80: 15.84 | P80: 50.25 | Q80: 62.69 | R80: 0.44792432 | S80: 1.2306784 | T80: 149181.09 | U80: 99.5 | V80: 2890 | X80: 0.808 | Y80: 0.789 | Z80: 0.81 | AA80: 0.803 | AB80: 0.808 | AC80: 0.814 | AD80: 0.795 | AE80: 0.816 | AF80: 0.811 | AG80: 0.808 | AH80: 0.824 | AI80: 0.816 | AJ80: 0.806 | AK80: 0.81 | AL80: 0.814 | AM80: 0.803 | AN80: 0.788 | AO80: 0.804 | AP80: 0.803 | AQ80: 0.797 | AR80: 0.796 | AS80: 0.805 | AT80: 0.81 | AU80: 0.799 | AV80: 0.786 | AW80: 0.797 | AX80: 0.789 | AY80: 0.803 | AZ80: 0.778 | BA80: 0.806 | BB80: 0.802 | BC80: 0.809 | BD80: 0.8 | BE80: 0.788 | BF80: 0.797 | BG80: 0.812 | BH80: 0.792 | BI80: 0.914 | BJ80: 0.826 | BK80: 0.811 | BL80: 0.732 | BM80: 0
A81: FPSHEAVEN2026 | B81: 2 | C81: FPSHEAVEN2026 | D81: 39.79 | E81: 0 | F81: 2.55 | G81: 28.16 | H81: 182.67 | I81: 248.73 | J81: 0.80281944 | K81: 96334.436 | L81: 512 | M81: 3.1682 | N81: 10.35 | O81: 15.83 | P81: 49.98 | Q81: 62.69 | R81: 0.4628 | S81: 1.2656194 | T81: 151870.01 | U81: 99.4 | V81: 2888 | X81: 0.783 | Y81: 0.793 | Z81: 0.795 | AA81: 0.801 | AB81: 0.78 | AC81: 0.797 | AD81: 0.805 | AE81: 0.801 | AF81: 0.79 | AG81: 0.808 | AH81: 0.812 | AI81: 0.796 | AJ81: 0.799 | AK81: 0.812 | AL81: 0.802 | AM81: 0.806 | AN81: 0.782 | AO81: 0.801 | AP81: 0.795 | AQ81: 0.804 | AR81: 0.794 | AS81: 0.809 | AT81: 0.815 | AU81: 0.797 | AV81: 0.795 | AW81: 0.808 | AX81: 0.806 | AY81: 0.806 | AZ81: 0.769 | BA81: 0.797 | BB81: 0.809 | BC81: 0.795 | BD81: 0.812 | BE81: 0.802 | BF81: 0.804 | BG81: 0.805 | BH81: 0.798 | BI81: 0.796 | BJ81: 0.8 | BK81: 0.836 | BL81: 0.839
A82: FPSHEAVEN2026 | B82: 3 | C82: FPSHEAVEN2026 | D82: 39.78 | E82: 0 | F82: 2.93 | G82: 28.88 | H82: 184.67 | I82: 248.93 | J82: 0.80873333 | K82: 97056.72 | L82: 512 | M82: 3.2417 | N82: 10.06 | O82: 15.84 | P82: 50.71 | Q82: 62.75 | R82: 0.45243056 | S82: 1.2611639 | T82: 151351.85 | U82: 99.6 | V82: 2892 | X82: 0.789 | Y82: 0.805 | Z82: 0.812 | AA82: 0.813 | AB82: 0.81 | AC82: 0.805 | AD82: 0.814 | AE82: 0.806 | AF82: 0.792 | AG82: 0.818 | AH82: 0.816 | AI82: 0.815 | AJ82: 0.796 | AK82: 0.827 | AL82: 0.815 | AM82: 0.816 | AN82: 0.803 | AO82: 0.822 | AP82: 0.813 | AQ82: 0.82 | AR82: 0.809 | AS82: 0.79 | AT82: 0.818 | AU82: 0.826 | AV82: 0.794 | AW82: 0.807 | AX82: 0.817 | AY82: 0.816 | AZ82: 0.803 | BA82: 0.809 | BB82: 0.809 | BC82: 0.818 | BD82: 0.807 | BE82: 0.805 | BF82: 0.811 | BG82: 0.814 | BH82: 0.814 | BI82: 0.786 | BJ82: 0.804 | BK82: 0.801 | BL82: 0.779
A83: Slower | B83: 1 | C83: Slower | D83: 39.83 | E83: 0 | F83: 3.05 | G83: 30.08 | H83: 184.2 | I83: 248.88 | J83: 0.83456667 | K83: 100176.95 | L83: 512 | M83: 3.6816 | N83: 9.16 | O83: 16.26 | P83: 53.01 | Q83: 63.07 | R83: 0.43728889 | S83: 1.2718556 | T83: 152664.25 | U83: 99.5 | V83: 2890 | X83: 0.808 | Y83: 0.842 | Z83: 0.829 | AA83: 0.833 | AB83: 0.82 | AC83: 0.831 | AD83: 0.837 | AE83: 0.836 | AF83: 0.829 | AG83: 0.839 | AH83: 0.827 | AI83: 0.836 | AJ83: 0.83 | AK83: 0.829 | AL83: 0.849 | AM83: 0.836 | AN83: 0.828 | AO83: 0.846 | AP83: 0.835 | AQ83: 0.838 | AR83: 0.835 | AS83: 0.829 | AT83: 0.846 | AU83: 0.851 | AV83: 0.836 | AW83: 0.841 | AX83: 0.826 | AY83: 0.844 | AZ83: 0.837 | BA83: 0.828 | BB83: 0.846 | BC83: 0.832 | BD83: 0.854 | BE83: 0.836 | BF83: 0.836 | BG83: 0.836 | BH83: 0.837 | BI83: 0.837 | BJ83: 0.854 | BK83: 0.833 | BL83: 0.747
A84: Slower | B84: 2 | C84: Slower | D84: 39.76 | E84: 0 | F84: 3.08 | G84: 30 | H84: 184.84 | I84: 248.88 | J84: 0.83353889 | K84: 100062.18 | L84: 256 | M84: 3.6472 | N84: 9.2 | O84: 16.3 | P84: 52.83 | Q84: 63.02 | R84: 0.43725556 | S84: 1.2707944 | T84: 152550.81 | U84: 99.5 | V84: 2890 | X84: 0.796 | Y84: 0.838 | Z84: 0.845 | AA84: 0.841 | AB84: 0.828 | AC84: 0.843 | AD84: 0.828 | AE84: 0.853 | AF84: 0.835 | AG84: 0.828 | AH84: 0.842 | AI84: 0.825 | AJ84: 0.842 | AK84: 0.845 | AL84: 0.833 | AM84: 0.843 | AN84: 0.825 | AO84: 0.84 | AP84: 0.832 | AQ84: 0.832 | AR84: 0.828 | AS84: 0.816 | AT84: 0.85 | AU84: 0.845 | AV84: 0.86 | AW84: 0.841 | AX84: 0.861 | AY84: 0.834 | AZ84: 0.828 | BA84: 0.821 | BB84: 0.852 | BC84: 0.837 | BD84: 0.834 | BE84: 0.837 | BF84: 0.85 | BG84: 0.832 | BH84: 0.845 | BI84: 0.833 | BJ84: 0.847 | BK84: 0.834 | BL84: 0.679
A85: Slower | B85: 3 | C85: Slower | D85: 39.76 | E85: 0 | F85: 3.06 | G85: 30.13 | H85: 183.71 | I85: 249.37 | J85: 0.83791667 | K85: 100592.11 | L85: 512 | M85: 3.713 | N85: 9.24 | O85: 16.25 | P85: 52.83 | Q85: 62.97 | R85: 0.439275 | S85: 1.2771917 | T85: 153323.8 | U85: 99.5 | V85: 2889 | X85: 0.817 | Y85: 0.839 | Z85: 0.836 | AA85: 0.842 | AB85: 0.831 | AC85: 0.825 | AD85: 0.852 | AE85: 0.829 | AF85: 0.821 | AG85: 0.904 | AH85: 0.832 | AI85: 0.846 | AJ85: 0.821 | AK85: 0.833 | AL85: 0.854 | AM85: 0.848 | AN85: 0.838 | AO85: 0.837 | AP85: 0.83 | AQ85: 0.847 | AR85: 0.828 | AS85: 0.813 | AT85: 0.843 | AU85: 0.842 | AV85: 0.83 | AW85: 0.833 | AX85: 0.837 | AY85: 0.848 | AZ85: 0.845 | BA85: 0.825 | BB85: 0.861 | BC85: 0.841 | BD85: 0.836 | BE85: 0.834 | BF85: 0.839 | BG85: 0.856 | BH85: 0.847 | BI85: 0.827 | BJ85: 0.854 | BK85: 0.834 | BL85: 0.776
A86: GPU Booster Power Plan | B86: 1 | C86: GPU Booster Power Plan | D86: 45.06 | E86: 0 | F86: 2.6 | G86: 28.34 | H86: 186.26 | I86: 249.04 | J86: 0.80378095 | K86: 96688.062 | L86: 512 | M86: 3.1873 | N86: 10.34 | O86: 15.83 | P86: 49.78 | Q86: 62.64 | R86: 0.46298095 | S86: 1.2667619 | T86: 152366.48 | U86: 99.5 | V86: 2889 | X86: 0.777 | Y86: 0.809 | Z86: 0.806 | AA86: 0.806 | AB86: 0.798 | AC86: 0.804 | AD86: 0.809 | AE86: 0.793 | AF86: 0.791 | AG86: 0.806 | AH86: 0.8 | AI86: 0.793 | AJ86: 0.803 | AK86: 0.806 | AL86: 0.81 | AM86: 0.805 | AN86: 0.794 | AO86: 0.793 | AP86: 0.816 | AQ86: 0.801 | AR86: 0.794 | AS86: 0.812 | AT86: 0.818 | AU86: 0.809 | AV86: 0.799 | AW86: 0.796 | AX86: 0.806 | AY86: 0.807 | AZ86: 0.821 | BA86: 0.799 | BB86: 0.796 | BC86: 0.797 | BD86: 0.797 | BE86: 0.841 | BF86: 0.895 | BG86: 0.807 | BH86: 0.801 | BI86: 0.787 | BJ86: 0.803 | BK86: 0.812 | BL86: 0.811 | BM86: 0.799 | BN86: 0.796 | BO86: 0.813 | BP86: 0.804
A87: GPU Booster Power Plan | B87: 2 | C87: GPU Booster Power Plan | D87: 39.8 | E87: 0 | F87: 2.76 | G87: 28.11 | H87: 182.66 | I87: 248.69 | J87: 0.78325135 | K87: 96582.137 | L87: 512 | M87: 3.1502 | N87: 10.36 | O87: 15.83 | P87: 49.85 | Q87: 62.66 | R87: 0.45159459 | S87: 1.2348459 | T87: 152267.59 | U87: 99.5 | V87: 2889 | X87: 0.792 | Y87: 0.814 | Z87: 0.806 | AA87: 0.808 | AB87: 0.79 | AC87: 0.809 | AD87: 0.806 | AE87: 0.807 | AF87: 0.808 | AG87: 0.812 | AH87: 0.822 | AI87: 0.809 | AJ87: 0.81 | AK87: 0.795 | AL87: 0.783 | AM87: 0.804 | AN87: 0.804 | AO87: 0.8 | AP87: 0.817 | AQ87: 0.802 | AR87: 0.794 | AS87: 0.816 | AT87: 0.806 | AU87: 0.8 | AV87: 0.786 | AW87: 0.811 | AX87: 0.804 | AY87: 0.81 | AZ87: 0.801 | BA87: 0.796 | BB87: 0.815 | BC87: 0.84 | BD87: 0.85 | BE87: 0.805 | BF87: 0.789 | BG87: 0.807 | BH87: 0.799 | BI87: 0.783 | BJ87: 0.797 | BK87: 0.816 | BL87: 0.769 | BM87: 0
A88: GPU Booster Power Plan | B88: 3 | C88: GPU Booster Power Plan | D88: 39.79 | E88: 0 | F88: 2.76 | G88: 28.27 | H88: 183.88 | I88: 248.83 | J88: 0.80373611 | K88: 96451.419 | L88: 512 | M88: 3.1825 | N88: 10.23 | O88: 15.83 | P88: 50.2 | Q88: 62.72 | R88: 0.45942778 | S88: 1.2631639 | T88: 151584.19 | U88: 99.5 | V88: 2889 | X88: 0.773 | Y88: 0.821 | Z88: 0.812 | AA88: 0.804 | AB88: 0.806 | AC88: 0.812 | AD88: 0.82 | AE88: 0.816 | AF88: 0.81 | AG88: 0.817 | AH88: 0.816 | AI88: 0.815 | AJ88: 0.798 | AK88: 0.817 | AL88: 0.804 | AM88: 0.801 | AN88: 0.803 | AO88: 0.79 | AP88: 0.809 | AQ88: 0.798 | AR88: 0.8 | AS88: 0.81 | AT88: 0.8 | AU88: 0.785 | AV88: 0.793 | AW88: 0.806 | AX88: 0.808 | AY88: 0.792 | AZ88: 0.797 | BA88: 0.812 | BB88: 0.782 | BC88: 0.81 | BD88: 0.799 | BE88: 0.8 | BF88: 0.801 | BG88: 0.827 | BH88: 0.796 | BI88: 0.792 | BJ88: 0.814 | BK88: 0.807 | BL88: 0.776
A89: Synez Power Plan | B89: 1 | C89: Synez Power Plan | D89: 39.77 | E89: 0 | F89: 3.15 | G89: 30.06 | H89: 184.66 | I89: 248.89 | J89: 0.8402 | K89: 100856.94 | L89: 512 | M89: 3.6407 | N89: 9.16 | O89: 16.27 | P89: 52.88 | Q89: 63.01 | R89: 0.43910278 | S89: 1.2793028 | T89: 153564.68 | U89: 99.4 | V89: 2886 | X89: 0.802 | Y89: 0.838 | Z89: 0.83 | AA89: 0.849 | AB89: 0.817 | AC89: 0.847 | AD89: 0.851 | AE89: 0.846 | AF89: 0.836 | AG89: 0.851 | AH89: 0.841 | AI89: 0.851 | AJ89: 0.81 | AK89: 0.841 | AL89: 0.858 | AM89: 0.841 | AN89: 0.835 | AO89: 0.842 | AP89: 0.829 | AQ89: 0.852 | AR89: 0.839 | AS89: 0.831 | AT89: 0.841 | AU89: 0.84 | AV89: 0.853 | AW89: 0.837 | AX89: 0.843 | AY89: 0.848 | AZ89: 0.846 | BA89: 0.821 | BB89: 0.856 | BC89: 0.842 | BD89: 0.844 | BE89: 0.836 | BF89: 0.846 | BG89: 0.853 | BH89: 0.845 | BI89: 0.829 | BJ89: 0.853 | BK89: 0.836 | BL89: 0.777
A90: Synez Power Plan | B90: 2 | C90: Synez Power Plan | D90: 39.81 | E90: 0 | F90: 3.1 | G90: 30.07 | H90: 185.39 | I90: 249.5 | J90: 0.83660833 | K90: 100425.03 | L90: 512 | M90: 3.6734 | N90: 9.22 | O90: 16.23 | P90: 52.89 | Q90: 63.01 | R90: 0.43876389 | S90: 1.2753722 | T90: 153092.8 | U90: 99.5 | V90: 2889 | X90: 0.804 | Y90: 0.843 | Z90: 0.828 | AA90: 0.91 | AB90: 0.828 | AC90: 0.844 | AD90: 0.808 | AE90: 0.852 | AF90: 0.828 | AG90: 0.844 | AH90: 0.844 | AI90: 0.847 | AJ90: 0.84 | AK90: 0.841 | AL90: 0.837 | AM90: 0.841 | AN90: 0.826 | AO90: 0.832 | AP90: 0.845 | AQ90: 0.84 | AR90: 0.845 | AS90: 0.83 | AT90: 0.838 | AU90: 0.854 | AV90: 0.823 | AW90: 0.834 | AX90: 0.835 | AY90: 0.842 | AZ90: 0.856 | BA90: 0.825 | BB90: 0.854 | BC90: 0.853 | BD90: 0.814 | BE90: 0.846 | BF90: 0.831 | BG90: 0.835 | BH90: 0.852 | BI90: 0.83 | BJ90: 0.841 | BK90: 0.843 | BL90: 0.769
A91: Synez Power Plan | B91: 3 | C91: Synez Power Plan | D91: 39.77 | E91: 0 | F91: 3.1 | G91: 29.83 | H91: 183.29 | I91: 248.75 | J91: 0.83555278 | K91: 100312.87 | L91: 512 | M91: 3.6035 | N91: 9.29 | O91: 16.39 | P91: 52.98 | Q91: 63.04 | R91: 0.43955833 | S91: 1.2751111 | T91: 153075.84 | U91: 99.6 | V91: 2891 | X91: 0.813 | Y91: 0.843 | Z91: 0.826 | AA91: 0.84 | AB91: 0.834 | AC91: 0.833 | AD91: 0.847 | AE91: 0.823 | AF91: 0.821 | AG91: 0.845 | AH91: 0.837 | AI91: 0.855 | AJ91: 0.834 | AK91: 0.833 | AL91: 0.868 | AM91: 0.829 | AN91: 0.837 | AO91: 0.82 | AP91: 0.84 | AQ91: 0.858 | AR91: 0.841 | AS91: 0.846 | AT91: 0.847 | AU91: 0.838 | AV91: 0.837 | AW91: 0.832 | AX91: 0.843 | AY91: 0.822 | AZ91: 0.84 | BA91: 0.837 | BB91: 0.848 | BC91: 0.837 | BD91: 0.839 | BE91: 0.833 | BF91: 0.838 | BG91: 0.86 | BH91: 0.809 | BI91: 0.821 | BJ91: 0.856 | BK91: 0.823 | BL91: 0.755
A92: Endgame Performance | B92: 1 | C92: Endgame Performance | D92: 39.81 | E92: 0 | F92: 2.87 | G92: 28.75 | H92: 185.38 | I92: 248.96 | J92: 0.81156111 | K92: 97384.025 | L92: 512 | M92: 3.225 | N92: 10.17 | O92: 15.85 | P92: 50.59 | Q92: 62.8 | R92: 0.45427778 | S92: 1.2658389 | T92: 151895.76 | U92: 99.5 | V92: 2890 | X92: 0.782 | Y92: 0.807 | Z92: 0.807 | AA92: 0.784 | AB92: 0.783 | AC92: 0.797 | AD92: 0.803 | AE92: 0.798 | AF92: 0.794 | AG92: 0.801 | AH92: 0.817 | AI92: 0.804 | AJ92: 0.806 | AK92: 0.806 | AL92: 0.804 | AM92: 0.809 | AN92: 0.81 | AO92: 0.826 | AP92: 0.813 | AQ92: 0.823 | AR92: 0.802 | AS92: 0.81 | AT92: 0.815 | AU92: 0.812 | AV92: 0.814 | AW92: 0.815 | AX92: 0.822 | AY92: 0.817 | AZ92: 0.812 | BA92: 0.817 | BB92: 0.819 | BC92: 0.83 | BD92: 0.82 | BE92: 0.786 | BF92: 0.817 | BG92: 0.822 | BH92: 0.81 | BI92: 0.811 | BJ92: 0.806 | BK92: 0.81 | BL92: 0.84
A93: Endgame Performance | B93: 2 | C93: Endgame Performance | D93: 39.78 | E93: 0 | F93: 2.75 | G93: 28.39 | H93: 184.85 | I93: 248.9 | J93: 0.79959167 | K93: 95975.898 | L93: 512 | M93: 3.1927 | N93: 10.22 | O93: 15.83 | P93: 50.42 | Q93: 62.75 | R93: 0.45845556 | S93: 1.2580472 | T93: 151005.93 | U93: 99.4 | V93: 2887 | X93: 0.787 | Y93: 0.826 | Z93: 0.828 | AA93: 0.804 | AB93: 0.797 | AC93: 0.803 | AD93: 0.817 | AE93: 0.815 | AF93: 0.786 | AG93: 0.807 | AH93: 0.802 | AI93: 0.796 | AJ93: 0.795 | AK93: 0.812 | AL93: 0.799 | AM93: 0.786 | AN93: 0.787 | AO93: 0.814 | AP93: 0.808 | AQ93: 0.807 | AR93: 0.781 | AS93: 0.807 | AT93: 0.811 | AU93: 0.8 | AV93: 0.8 | AW93: 0.788 | AX93: 0.803 | AY93: 0.803 | AZ93: 0.806 | BA93: 0.794 | BB93: 0.804 | BC93: 0.808 | BD93: 0.799 | BE93: 0.803 | BF93: 0.809 | BG93: 0.8 | BH93: 0.807 | BI93: 0.796 | BJ93: 0.804 | BK93: 0.798 | BL93: 0.732
A94: Endgame Performance | B94: 3 | C94: Endgame Performance | D94: 39.78 | E94: 0 | F94: 2.66 | G94: 28.07 | H94: 184.68 | I94: 248.91 | J94: 0.79930833 | K94: 95928.227 | L94: 512 | M94: 3.1834 | N94: 10.32 | O94: 15.83 | P94: 49.85 | Q94: 62.64 | R94: 0.46033611 | S94: 1.2596444 | T94: 151178.35 | U94: 99.5 | V94: 2889 | X94: 0.784 | Y94: 0.81 | Z94: 0.808 | AA94: 0.801 | AB94: 0.803 | AC94: 0.804 | AD94: 0.814 | AE94: 0.806 | AF94: 0.79 | AG94: 0.81 | AH94: 0.803 | AI94: 0.804 | AJ94: 0.762 | AK94: 0.806 | AL94: 0.808 | AM94: 0.812 | AN94: 0.801 | AO94: 0.81 | AP94: 0.792 | AQ94: 0.825 | AR94: 0.795 | AS94: 0.807 | AT94: 0.805 | AU94: 0.791 | AV94: 0.806 | AW94: 0.802 | AX94: 0.805 | AY94: 0.8 | AZ94: 0.761 | BA94: 0.795 | BB94: 0.813 | BC94: 0.794 | BD94: 0.816 | BE94: 0.775 | BF94: 0.791 | BG94: 0.82 | BH94: 0.799 | BI94: 0.799 | BJ94: 0.779 | BK94: 0.805 | BL94: 0.767
A95: Khorvie's PowerPlan | B95: 1 | C95: Khorvie's PowerPlan | D95: 39.81 | E95: 0 | F95: 3.09 | G95: 28.77 | H95: 185.92 | I95: 249.05 | J95: 0.78412973 | K95: 96615.18 | L95: 512 | M95: 3.2093 | N95: 10.14 | O95: 15.86 | P95: 51.11 | Q95: 62.81 | R95: 0.43946486 | S95: 1.2235946 | T95: 150763.54 | U95: 99.4 | V95: 2887 | X95: 0.79 | Y95: 0.808 | Z95: 0.822 | AA95: 0.811 | AB95: 0.807 | AC95: 0.823 | AD95: 0.824 | AE95: 0.808 | AF95: 0.808 | AG95: 0.812 | AH95: 0.811 | AI95: 0.822 | AJ95: 0.8 | AK95: 0.815 | AL95: 0.81 | AM95: 0.812 | AN95: 0.802 | AO95: 0.814 | AP95: 0.812 | AQ95: 0.812 | AR95: 0.783 | AS95: 0.785 | AT95: 0.821 | AU95: 0.806 | AV95: 0.795 | AW95: 0.816 | AX95: 0.808 | AY95: 0.811 | AZ95: 0.801 | BA95: 0.819 | BB95: 0.792 | BC95: 0.806 | BD95: 0.808 | BE95: 0.806 | BF95: 0.807 | BG95: 0.812 | BH95: 0.814 | BI95: 0.792 | BJ95: 0.813 | BK95: 0.812 | BL95: 0.722 | BM95: 0
A96: Khorvie's PowerPlan | B96: 2 | C96: Khorvie's PowerPlan | D96: 39.78 | E96: 0 | F96: 3.09 | G96: 28.57 | H96: 186.01 | I96: 249.02 | J96: 0.805075 | K96: 96614.004 | L96: 512 | M96: 3.1824 | N96: 10.19 | O96: 15.87 | P96: 51.09 | Q96: 62.8 | R96: 0.4511 | S96: 1.256175 | T96: 150750.74 | U96: 99.5 | V96: 2889 | X96: 0.78 | Y96: 0.812 | Z96: 0.808 | AA96: 0.802 | AB96: 0.797 | AC96: 0.816 | AD96: 0.814 | AE96: 0.808 | AF96: 0.799 | AG96: 0.814 | AH96: 0.818 | AI96: 0.818 | AJ96: 0.801 | AK96: 0.797 | AL96: 0.803 | AM96: 0.781 | AN96: 0.793 | AO96: 0.807 | AP96: 0.81 | AQ96: 0.807 | AR96: 0.759 | AS96: 0.816 | AT96: 0.816 | AU96: 0.807 | AV96: 0.775 | AW96: 0.819 | AX96: 0.812 | AY96: 0.793 | AZ96: 0.811 | BA96: 0.806 | BB96: 0.81 | BC96: 0.828 | BD96: 0.813 | BE96: 0.794 | BF96: 0.811 | BG96: 0.818 | BH96: 0.818 | BI96: 0.81 | BJ96: 0.808 | BK96: 0.798 | BL96: 0.775
A97: Khorvie's PowerPlan | B97: 3 | C97: Khorvie's PowerPlan | D97: 45.02 | E97: 0 | F97: 2.95 | G97: 28.74 | H97: 186.81 | I97: 249.1 | J97: 0.80166667 | K97: 96696.911 | L97: 512 | M97: 3.2216 | N97: 10.17 | O97: 15.87 | P97: 51.13 | Q97: 62.8 | R97: 0.4487881 | S97: 1.2504548 | T97: 150832.28 | U97: 99.7 | V97: 2894 | X97: 0.775 | Y97: 0.812 | Z97: 0.814 | AA97: 0.807 | AB97: 0.81 | AC97: 0.809 | AD97: 0.82 | AE97: 0.801 | AF97: 0.813 | AG97: 0.821 | AH97: 0.807 | AI97: 0.802 | AJ97: 0.802 | AK97: 0.799 | AL97: 0.814 | AM97: 0.784 | AN97: 0.805 | AO97: 0.802 | AP97: 0.805 | AQ97: 0.799 | AR97: 0.802 | AS97: 0.812 | AT97: 0.821 | AU97: 0.821 | AV97: 0.808 | AW97: 0.771 | AX97: 0.807 | AY97: 0.814 | AZ97: 0.784 | BA97: 0.802 | BB97: 0.825 | BC97: 0.814 | BD97: 0.816 | BE97: 0.803 | BF97: 0.824 | BG97: 0.81 | BH97: 0.824 | BI97: 0.805 | BJ97: 0.816 | BK97: 0.809 | BL97: 0.808 | BM97: 0.804 | BN97: 0.805 | BO97: 0.813 | BP97: 0.799
A98: Jackpot2026 | B98: 1 | C98: Jackpot2026 | D98: 39.85 | E98: 0 | F98: 1.99 | G98: 28.07 | H98: 183.19 | I98: 248.76 | J98: 0.79738919 | K98: 98291.513 | L98: 512 | M98: 3.0274 | N98: 9.39 | O98: 15.72 | P98: 49.7 | Q98: 62.67 | R98: 0.45203514 | S98: 1.2494243 | T98: 154013.55 | U98: 99.5 | V98: 2889 | X98: 0.79 | Y98: 0.809 | Z98: 0.818 | AA98: 0.815 | AB98: 0.795 | AC98: 0.811 | AD98: 0.809 | AE98: 0.814 | AF98: 0.796 | AG98: 0.81 | AH98: 0.819 | AI98: 0.819 | AJ98: 0.804 | AK98: 0.803 | AL98: 0.812 | AM98: 0.806 | AN98: 0.796 | AO98: 0.816 | AP98: 0.807 | AQ98: 0.808 | AR98: 0.798 | AS98: 0.804 | AT98: 0.89 | AU98: 0.891 | AV98: 0.885 | AW98: 0.889 | AX98: 0.886 | AY98: 0.82 | AZ98: 0.789 | BA98: 0.815 | BB98: 0.814 | BC98: 0.825 | BD98: 0.803 | BE98: 0.824 | BF98: 0.819 | BG98: 0.815 | BH98: 0.807 | BI98: 0.803 | BJ98: 0.803 | BK98: 0.81 | BL98: 0.783 | BM98: 0
A99: Jackpot2026 | B99: 2 | C99: Jackpot2026 | D99: 39.77 | E99: 0 | F99: 3.04 | G99: 28.68 | H99: 187.44 | I99: 249.14 | J99: 0.80573889 | K99: 96711.804 | L99: 256 | M99: 3.2087 | N99: 10.17 | O99: 15.88 | P99: 51.02 | Q99: 62.81 | R99: 0.45105278 | S99: 1.2567917 | T99: 150850.36 | U99: 99.4 | V99: 2888 | X99: 0.777 | Y99: 0.817 | Z99: 0.811 | AA99: 0.798 | AB99: 0.804 | AC99: 0.825 | AD99: 0.813 | AE99: 0.819 | AF99: 0.802 | AG99: 0.805 | AH99: 0.801 | AI99: 0.816 | AJ99: 0.797 | AK99: 0.821 | AL99: 0.815 | AM99: 0.808 | AN99: 0.785 | AO99: 0.804 | AP99: 0.819 | AQ99: 0.819 | AR99: 0.781 | AS99: 0.821 | AT99: 0.808 | AU99: 0.802 | AV99: 0.811 | AW99: 0.808 | AX99: 0.806 | AY99: 0.806 | AZ99: 0.82 | BA99: 0.79 | BB99: 0.794 | BC99: 0.82 | BD99: 0.804 | BE99: 0.804 | BF99: 0.816 | BG99: 0.819 | BH99: 0.815 | BI99: 0.795 | BJ99: 0.805 | BK99: 0.807 | BL99: 0.726
A100: Jackpot2026 | B100: 3 | C100: Jackpot2026 | D100: 39.82 | E100: 0 | F100: 3.06 | G100: 28.74 | H100: 188.2 | I100: 249.31 | J100: 0.80844444 | K100: 97015.676 | L100: 512 | M100: 3.2214 | N100: 10.18 | O100: 15.87 | P100: 50.85 | Q100: 62.78 | R100: 0.451375 | S100: 1.2598194 | T100: 151182.5 | U100: 99.7 | V100: 2895 | X100: 0.785 | Y100: 0.809 | Z100: 0.809 | AA100: 0.807 | AB100: 0.783 | AC100: 0.812 | AD100: 0.814 | AE100: 0.803 | AF100: 0.805 | AG100: 0.806 | AH100: 0.814 | AI100: 0.81 | AJ100: 0.806 | AK100: 0.808 | AL100: 0.824 | AM100: 0.801 | AN100: 0.81 | AO100: 0.815 | AP100: 0.828 | AQ100: 0.821 | AR100: 0.799 | AS100: 0.825 | AT100: 0.818 | AU100: 0.795 | AV100: 0.807 | AW100: 0.807 | AX100: 0.817 | AY100: 0.822 | AZ100: 0.797 | BA100: 0.813 | BB100: 0.806 | BC100: 0.815 | BD100: 0.802 | BE100: 0.774 | BF100: 0.817 | BG100: 0.803 | BH100: 0.816 | BI100: 0.799 | BJ100: 0.814 | BK100: 0.816 | BL100: 0.765
...

Sheet 4. Statistical Analysis
B2: Statistical Analysis - Per Power Plan (n = 3 repeated captures each)
B3: Live formulas from Sheet 3. Ranked by DPC p99 latency (lower = better). Delta% and Welch t-test are vs the best plan.
B5: Best plan (DPC p99) | E5: Worst plan | H5: Best->Worst spread | K5: Lowest interrupt load | N5: ANOVA (DPC p99)
B6: Kizzimo's Extreme Low Latency - 115 us | E6: AutoOS - 196 us | H6: 81 us (45%) | K6: ARSENZA LOW LATENCY (INTEL THREAD DIRECTOR FIX | N6: F=24.3, p=4e-30 -> differences real
A9: Rank | B9: Power Plan | C9: Type | D9: n | E9: DPC p99 mean (us) | F9: +/-SD | G9: CV % | H9: 95% CI +/- | I9: DPC p999 mean | J9: DPC %CPU busy | K9: DPC us/s | L9: DPC max band | M9: ISR p99 mean | N9: ISR %CPU busy | O9: Comb %CPU busy | P9: CPU eff MHz | Q9: Delta vs best (us) | R9: Delta vs best % | S9: Welch p vs best | T9: Sig? (p<.05) | U9: Repeat- ability
A10: 1 | B10: Kizzimo's Extreme Low Latency | C10: community | D10: 3 | E10: =AVERAGE('3. Raw Data'!H2:H4) -> 115.24667 | F10: =STDEV('3. Raw Data'!H2:H4) -> 0.096090235 | G10: =F10/E10*100 -> 0.083377887 | H10: =TINV(0.05,3-1)*F10/SQRT(3) -> 0.23870138 | I10: =AVERAGE('3. Raw Data'!I2:I4) -> 240.29333 | J10: =AVERAGE('3. Raw Data'!J2:J4) -> 1.4559099 | K10: =AVERAGE('3. Raw Data'!K2:K4) -> 179195.9 | L10: =AVERAGE('3. Raw Data'!L2:L4) -> 699392 | M10: =AVERAGE('3. Raw Data'!P2:P4) -> 51.95 | N10: =AVERAGE('3. Raw Data'!R2:R4) -> 0.42275676 | O10: =AVERAGE('3. Raw Data'!S2:S4) -> 1.8786667 | P10: =AVERAGE('3. Raw Data'!V2:V4) -> 2886.6667 | Q10: 0 | R10: 0 | S10: ref | T10: best | U10: =IF(G10<1,"Excellent",IF(G10<2,"Good",IF(G10<4,"Fair","Poor"))) -> Excellent
A11: 2 | B11: Lowest Latency | C11: community | D11: 3 | E11: =AVERAGE('3. Raw Data'!H5:H7) -> 161.03333 | F11: =STDEV('3. Raw Data'!H5:H7) -> 11.036677 | G11: =F11/E11*100 -> 6.8536597 | H11: =TINV(0.05,3-1)*F11/SQRT(3) -> 27.416625 | I11: =AVERAGE('3. Raw Data'!I5:I7) -> 246.61667 | J11: =AVERAGE('3. Raw Data'!J5:J7) -> 0.89516978 | K11: =AVERAGE('3. Raw Data'!K5:K7) -> 107697.56 | L11: =AVERAGE('3. Raw Data'!L5:L7) -> 512 | M11: =AVERAGE('3. Raw Data'!P5:P7) -> 56.803333 | N11: =AVERAGE('3. Raw Data'!R5:R7) -> 0.42494902 | O11: =AVERAGE('3. Raw Data'!S5:S7) -> 1.3201188 | P11: =AVERAGE('3. Raw Data'!V5:V7) -> 2889 | Q11: =E11-E10 -> 45.786667 | R11: =(E11-E10)/E10*100 -> 39.729276 | S11: =TTEST('3. Raw Data'!H5:H7,'3. Raw Data'!H2:H4,2,3) -> 0.018816263 | T11: =IF(S11<0.05,"yes","tie") -> yes | U11: =IF(G11<1,"Excellent",IF(G11<2,"Good",IF(G11<4,"Fair","Poor"))) -> Poor
A12: 3 | B12: _Reticle_ | C12: community | D12: 3 | E12: =AVERAGE('3. Raw Data'!H8:H10) -> 167.05333 | F12: =STDEV('3. Raw Data'!H8:H10) -> 10.576627 | G12: =F12/E12*100 -> 6.3312875 | H12: =TINV(0.05,3-1)*F12/SQRT(3) -> 26.273797 | I12: =AVERAGE('3. Raw Data'!I8:I10) -> 247.13333 | J12: =AVERAGE('3. Raw Data'!J8:J10) -> 0.85100135 | K12: =AVERAGE('3. Raw Data'!K8:K10) -> 102176.51 | L12: =AVERAGE('3. Raw Data'!L8:L10) -> 426.66667 | M12: =AVERAGE('3. Raw Data'!P8:P10) -> 55.263333 | N12: =AVERAGE('3. Raw Data'!R8:R10) -> 0.41908434 | O12: =AVERAGE('3. Raw Data'!S8:S10) -> 1.2700857 | P12: =AVERAGE('3. Raw Data'!V8:V10) -> 2889.3333 | Q12: =E12-E10 -> 51.806667 | R12: =(E12-E10)/E10*100 -> 44.952855 | S12: =TTEST('3. Raw Data'!H8:H10,'3. Raw Data'!H2:H4,2,3) -> 0.013604529 | T12: =IF(S12<0.05,"yes","tie") -> yes | U12: =IF(G12<1,"Excellent",IF(G12<2,"Good",IF(G12<4,"Fair","Poor"))) -> Poor
A13: 4 | B13: amit's low latency powerplan | C13: community | D13: 3 | E13: =AVERAGE('3. Raw Data'!H11:H13) -> 171.75 | F13: =STDEV('3. Raw Data'!H11:H13) -> 1.3763357 | G13: =F13/E13*100 -> 0.80135995 | H13: =TINV(0.05,3-1)*F13/SQRT(3) -> 3.4190075 | I13: =AVERAGE('3. Raw Data'!I11:I13) -> 247.60333 | J13: =AVERAGE('3. Raw Data'!J11:J13) -> 0.83897315 | K13: =AVERAGE('3. Raw Data'!K11:K13) -> 100718.69 | L13: =AVERAGE('3. Raw Data'!L11:L13) -> 512 | M13: =AVERAGE('3. Raw Data'!P11:P13) -> 51.72 | N13: =AVERAGE('3. Raw Data'!R11:R13) -> 0.39833704 | O13: =AVERAGE('3. Raw Data'!S11:S13) -> 1.2373102 | P13: =AVERAGE('3. Raw Data'!V11:V13) -> 2889 | Q13: =E13-E10 -> 56.503333 | R13: =(E13-E10)/E10*100 -> 49.028171 | S13: =TTEST('3. Raw Data'!H11:H13,'3. Raw Data'!H2:H4,2,3) -> 0.00018519649 | T13: =IF(S13<0.05,"yes","tie") -> yes | U13: =IF(G13<1,"Excellent",IF(G13<2,"Good",IF(G13<4,"Fair","Poor"))) -> Excellent
A14: 5 | B14: Mitstas IDLE ENABLED | C14: community | D14: 3 | E14: =AVERAGE('3. Raw Data'!H14:H16) -> 173.39333 | F14: =STDEV('3. Raw Data'!H14:H16) -> 11.154803 | G14: =F14/E14*100 -> 6.4332365 | H14: =TINV(0.05,3-1)*F14/SQRT(3) -> 27.710067 | I14: =AVERAGE('3. Raw Data'!I14:I16) -> 247.75667 | J14: =AVERAGE('3. Raw Data'!J14:J16) -> 0.85195556 | K14: =AVERAGE('3. Raw Data'!K14:K16) -> 102280.71 | L14: =AVERAGE('3. Raw Data'!L14:L16) -> 699306.67 | M14: =AVERAGE('3. Raw Data'!P14:P16) -> 55.283333 | N14: =AVERAGE('3. Raw Data'!R14:R16) -> 0.46980463 | O14: =AVERAGE('3. Raw Data'!S14:S16) -> 1.3217602 | P14: =AVERAGE('3. Raw Data'!V14:V16) -> 2893.3333 | Q14: =E14-E10 -> 58.146667 | R14: =(E14-E10)/E10*100 -> 50.454098 | S14: =TTEST('3. Raw Data'!H14:H16,'3. Raw Data'!H2:H4,2,3) -> 0.012041473 | T14: =IF(S14<0.05,"yes","tie") -> yes | U14: =IF(G14<1,"Excellent",IF(G14<2,"Good",IF(G14<4,"Fair","Poor"))) -> Poor
A15: 6 | B15: GTweaks Power Plan V3 | C15: community | D15: 3 | E15: =AVERAGE('3. Raw Data'!H17:H19) -> 173.8 | F15: =STDEV('3. Raw Data'!H17:H19) -> 2.5835441 | G15: =F15/E15*100 -> 1.4865041 | H15: =TINV(0.05,3-1)*F15/SQRT(3) -> 6.4178793 | I15: =AVERAGE('3. Raw Data'!I17:I19) -> 247.80667 | J15: =AVERAGE('3. Raw Data'!J17:J19) -> 0.88198841 | K15: =AVERAGE('3. Raw Data'!K17:K19) -> 107072.36 | L15: =AVERAGE('3. Raw Data'!L17:L19) -> 512 | M15: =AVERAGE('3. Raw Data'!P17:P19) -> 51.41 | N15: =AVERAGE('3. Raw Data'!R17:R19) -> 0.44228091 | O15: =AVERAGE('3. Raw Data'!S17:S19) -> 1.3242693 | P15: =AVERAGE('3. Raw Data'!V17:V19) -> 2889 | Q15: =E15-E10 -> 58.553333 | R15: =(E15-E10)/E10*100 -> 50.806965 | S15: =TTEST('3. Raw Data'!H17:H19,'3. Raw Data'!H2:H4,2,3) -> 0.00063846411 | T15: =IF(S15<0.05,"yes","tie") -> yes | U15: =IF(G15<1,"Excellent",IF(G15<2,"Good",IF(G15<4,"Fair","Poor"))) -> Good
A16: 7 | B16: RIP Tweaks Power Plan | C16: community | D16: 3 | E16: =AVERAGE('3. Raw Data'!H20:H22) -> 174.02667 | F16: =STDEV('3. Raw Data'!H20:H22) -> 12.620326 | G16: =F16/E16*100 -> 7.2519496 | H16: =TINV(0.05,3-1)*F16/SQRT(3) -> 31.350628 | I16: =AVERAGE('3. Raw Data'!I20:I22) -> 247.85 | J16: =AVERAGE('3. Raw Data'!J20:J22) -> 0.8392 | K16: =AVERAGE('3. Raw Data'!K20:K22) -> 100733.6 | L16: =AVERAGE('3. Raw Data'!L20:L22) -> 426.66667 | M16: =AVERAGE('3. Raw Data'!P20:P22) -> 52.303333 | N16: =AVERAGE('3. Raw Data'!R20:R22) -> 0.44893056 | O16: =AVERAGE('3. Raw Data'!S20:S22) -> 1.2881306 | P16: =AVERAGE('3. Raw Data'!V20:V22) -> 2887.3333 | Q16: =E16-E10 -> 58.78 | R16: =(E16-E10)/E10*100 -> 51.003644 | S16: =TTEST('3. Raw Data'!H20:H22,'3. Raw Data'!H2:H4,2,3) -> 0.01501643 | T16: =IF(S16<0.05,"yes","tie") -> yes | U16: =IF(G16<1,"Excellent",IF(G16<2,"Good",IF(G16<4,"Fair","Poor"))) -> Poor
A17: 8 | B17: Bitsum Highest Performance | C17: community | D17: 3 | E17: =AVERAGE('3. Raw Data'!H23:H25) -> 174.81333 | F17: =STDEV('3. Raw Data'!H23:H25) -> 1.9111864 | G17: =F17/E17*100 -> 1.0932727 | H17: =TINV(0.05,3-1)*F17/SQRT(3) -> 4.7476501 | I17: =AVERAGE('3. Raw Data'!I23:I25) -> 248.05667 | J17: =AVERAGE('3. Raw Data'!J23:J25) -> 0.91276438 | K17: =AVERAGE('3. Raw Data'!K23:K25) -> 109806.26 | L17: =AVERAGE('3. Raw Data'!L23:L25) -> 512 | M17: =AVERAGE('3. Raw Data'!P23:P25) -> 56.17 | N17: =AVERAGE('3. Raw Data'!R23:R25) -> 0.45266246 | O17: =AVERAGE('3. Raw Data'!S23:S25) -> 1.3654268 | P17: =AVERAGE('3. Raw Data'!V23:V25) -> 2888.6667 | Q17: =E17-E10 -> 59.566667 | R17: =(E17-E10)/E10*100 -> 51.686238 | S17: =TTEST('3. Raw Data'!H23:H25,'3. Raw Data'!H2:H4,2,3) -> 0.00033244113 | T17: =IF(S17<0.05,"yes","tie") -> yes | U17: =IF(G17<1,"Excellent",IF(G17<2,"Good",IF(G17<4,"Fair","Poor"))) -> Good
A18: 9 | B18: CactusOS Absolute Performance | C18: community | D18: 3 | E18: =AVERAGE('3. Raw Data'!H26:H28) -> 175.22667 | F18: =STDEV('3. Raw Data'!H26:H28) -> 1.6150645 | G18: =F18/E18*100 -> 0.92170018 | H18: =TINV(0.05,3-1)*F18/SQRT(3) -> 4.0120426 | I18: =AVERAGE('3. Raw Data'!I26:I28) -> 247.97333 | J18: =AVERAGE('3. Raw Data'!J26:J28) -> 0.85143046 | K18: =AVERAGE('3. Raw Data'!K26:K28) -> 102435.35 | L18: =AVERAGE('3. Raw Data'!L26:L28) -> 512 | M18: =AVERAGE('3. Raw Data'!P26:P28) -> 50.926667 | N18: =AVERAGE('3. Raw Data'!R26:R28) -> 0.45265073 | O18: =AVERAGE('3. Raw Data'!S26:S28) -> 1.3040812 | P18: =AVERAGE('3. Raw Data'!V26:V28) -> 2891 | Q18: =E18-E10 -> 59.98 | R18: =(E18-E10)/E10*100 -> 52.044889 | S18: =TTEST('3. Raw Data'!H26:H28,'3. Raw Data'!H2:H4,2,3) -> 0.00023070543 | T18: =IF(S18<0.05,"yes","tie") -> yes | U18: =IF(G18<1,"Excellent",IF(G18<2,"Good",IF(G18<4,"Fair","Poor"))) -> Excellent
A19: 10 | B19: High performance | C19: MSFT stock | D19: 3 | E19: =AVERAGE('3. Raw Data'!H29:H31) -> 176.29667 | F19: =STDEV('3. Raw Data'!H29:H31) -> 1.7675501 | G19: =F19/E19*100 -> 1.0025998 | H19: =TINV(0.05,3-1)*F19/SQRT(3) -> 4.3908378 | I19: =AVERAGE('3. Raw Data'!I29:I31) -> 248.11667 | J19: =AVERAGE('3. Raw Data'!J29:J31) -> 0.87914697 | K19: =AVERAGE('3. Raw Data'!K29:K31) -> 106434.94 | L19: =AVERAGE('3. Raw Data'!L29:L31) -> 699392 | M19: =AVERAGE('3. Raw Data'!P29:P31) -> 51.576667 | N19: =AVERAGE('3. Raw Data'!R29:R31) -> 0.43419412 | O19: =AVERAGE('3. Raw Data'!S29:S31) -> 1.3133411 | P19: =AVERAGE('3. Raw Data'!V29:V31) -> 2888.6667 | Q19: =E19-E10 -> 61.05 | R19: =(E19-E10)/E10*100 -> 52.973333 | S19: =TTEST('3. Raw Data'!H29:H31,'3. Raw Data'!H2:H4,2,3) -> 0.00026897654 | T19: =IF(S19<0.05,"yes","tie") -> yes | U19: =IF(G19<1,"Excellent",IF(G19<2,"Good",IF(G19<4,"Fair","Poor"))) -> Good
A20: 11 | B20: Rosca Tweaks v2 | C20: community | D20: 3 | E20: =AVERAGE('3. Raw Data'!H32:H34) -> 176.42 | F20: =STDEV('3. Raw Data'!H32:H34) -> 1.6750224 | G20: =F20/E20*100 -> 0.94945153 | H20: =TINV(0.05,3-1)*F20/SQRT(3) -> 4.1609863 | I20: =AVERAGE('3. Raw Data'!I32:I34) -> 248.04667 | J20: =AVERAGE('3. Raw Data'!J32:J34) -> 0.88774683 | K20: =AVERAGE('3. Raw Data'!K32:K34) -> 107376.93 | L20: =AVERAGE('3. Raw Data'!L32:L34) -> 341.33333 | M20: =AVERAGE('3. Raw Data'!P32:P34) -> 52.413333 | N20: =AVERAGE('3. Raw Data'!R32:R34) -> 0.4480828 | O20: =AVERAGE('3. Raw Data'!S32:S34) -> 1.3358296 | P20: =AVERAGE('3. Raw Data'!V32:V34) -> 2889 | Q20: =E20-E10 -> 61.173333 | R20: =(E20-E10)/E10*100 -> 53.080349 | S20: =TTEST('3. Raw Data'!H32:H34,'3. Raw Data'!H2:H4,2,3) -> 0.0002393895 | T20: =IF(S20<0.05,"yes","tie") -> yes | U20: =IF(G20<1,"Excellent",IF(G20<2,"Good",IF(G20<4,"Fair","Poor"))) -> Excellent
A21: 12 | B21: Ultimate Performance | C21: MSFT stock | D21: 3 | E21: =AVERAGE('3. Raw Data'!H35:H37) -> 177.42 | F21: =STDEV('3. Raw Data'!H35:H37) -> 3.1128925 | G21: =F21/E21*100 -> 1.7545331 | H21: =TINV(0.05,3-1)*F21/SQRT(3) -> 7.7328538 | I21: =AVERAGE('3. Raw Data'!I35:I37) -> 248.24 | J21: =AVERAGE('3. Raw Data'!J35:J37) -> 0.88924696 | K21: =AVERAGE('3. Raw Data'!K35:K37) -> 107039.73 | L21: =AVERAGE('3. Raw Data'!L35:L37) -> 512 | M21: =AVERAGE('3. Raw Data'!P35:P37) -> 52.66 | N21: =AVERAGE('3. Raw Data'!R35:R37) -> 0.44044815 | O21: =AVERAGE('3. Raw Data'!S35:S37) -> 1.3296951 | P21: =AVERAGE('3. Raw Data'!V35:V37) -> 2888 | Q21: =E21-E10 -> 62.173333 | R21: =(E21-E10)/E10*100 -> 53.948053 | S21: =TTEST('3. Raw Data'!H35:H37,'3. Raw Data'!H2:H4,2,3) -> 0.00082619626 | T21: =IF(S21<0.05,"yes","tie") -> yes | U21: =IF(G21<1,"Excellent",IF(G21<2,"Good",IF(G21<4,"Fair","Poor"))) -> Good
A22: 13 | B22: VTRL Optimized | C22: community | D22: 3 | E22: =AVERAGE('3. Raw Data'!H38:H40) -> 177.69667 | F22: =STDEV('3. Raw Data'!H38:H40) -> 3.2588699 | G22: =F22/E22*100 -> 1.8339511 | H22: =TINV(0.05,3-1)*F22/SQRT(3) -> 8.0954817 | I22: =AVERAGE('3. Raw Data'!I38:I40) -> 248.18333 | J22: =AVERAGE('3. Raw Data'!J38:J40) -> 0.78159727 | K22: =AVERAGE('3. Raw Data'!K38:K40) -> 93826.218 | L22: =AVERAGE('3. Raw Data'!L38:L40) -> 426.66667 | M22: =AVERAGE('3. Raw Data'!P38:P40) -> 53.153333 | N22: =AVERAGE('3. Raw Data'!R38:R40) -> 0.40397645 | O22: =AVERAGE('3. Raw Data'!S38:S40) -> 1.1855737 | P22: =AVERAGE('3. Raw Data'!V38:V40) -> 2890.6667 | Q22: =E22-E10 -> 62.45 | R22: =(E22-E10)/E10*100 -> 54.188118 | S22: =TTEST('3. Raw Data'!H38:H40,'3. Raw Data'!H2:H4,2,3) -> 0.00089831897 | T22: =IF(S22<0.05,"yes","tie") -> yes | U22: =IF(G22<1,"Excellent",IF(G22<2,"Good",IF(G22<4,"Fair","Poor"))) -> Good
A23: 14 | B23: Sazinho Tweaks Latency Plan | C23: community | D23: 3 | E23: =AVERAGE('3. Raw Data'!H41:H43) -> 177.93333 | F23: =STDEV('3. Raw Data'!H41:H43) -> 11.537367 | G23: =F23/E23*100 -> 6.4840953 | H23: =TINV(0.05,3-1)*F23/SQRT(3) -> 28.660408 | I23: =AVERAGE('3. Raw Data'!I41:I43) -> 248.26333 | J23: =AVERAGE('3. Raw Data'!J41:J43) -> 0.83441204 | K23: =AVERAGE('3. Raw Data'!K41:K43) -> 100170.22 | L23: =AVERAGE('3. Raw Data'!L41:L43) -> 1398272 | M23: =AVERAGE('3. Raw Data'!P41:P43) -> 52.79 | N23: =AVERAGE('3. Raw Data'!R41:R43) -> 0.4440287 | O23: =AVERAGE('3. Raw Data'!S41:S43) -> 1.2784407 | P23: =AVERAGE('3. Raw Data'!V41:V43) -> 2889 | Q23: =E23-E10 -> 62.686667 | R23: =(E23-E10)/E10*100 -> 54.393475 | S23: =TTEST('3. Raw Data'!H41:H43,'3. Raw Data'!H2:H4,2,3) -> 0.011099344 | T23: =IF(S23<0.05,"yes","tie") -> yes | U23: =IF(G23<1,"Excellent",IF(G23<2,"Good",IF(G23<4,"Fair","Poor"))) -> Poor
A24: 15 | B24: Xilly's Public PowerPlan | C24: community | D24: 3 | E24: =AVERAGE('3. Raw Data'!H44:H46) -> 179.14667 | F24: =STDEV('3. Raw Data'!H44:H46) -> 0.78053401 | G24: =F24/E24*100 -> 0.43569552 | H24: =TINV(0.05,3-1)*F24/SQRT(3) -> 1.938954 | I24: =AVERAGE('3. Raw Data'!I44:I46) -> 248.34333 | J24: =AVERAGE('3. Raw Data'!J44:J46) -> 0.86403632 | K24: =AVERAGE('3. Raw Data'!K44:K46) -> 104502.78 | L24: =AVERAGE('3. Raw Data'!L44:L46) -> 512 | M24: =AVERAGE('3. Raw Data'!P44:P46) -> 53.06 | N24: =AVERAGE('3. Raw Data'!R44:R46) -> 0.42744387 | O24: =AVERAGE('3. Raw Data'!S44:S46) -> 1.2914802 | P24: =AVERAGE('3. Raw Data'!V44:V46) -> 2890.3333 | Q24: =E24-E10 -> 63.9 | R24: =(E24-E10)/E10*100 -> 55.446289 | S24: =TTEST('3. Raw Data'!H44:H46,'3. Raw Data'!H2:H4,2,3) -> 3.8940379e-05 | T24: =IF(S24<0.05,"yes","tie") -> yes | U24: =IF(G24<1,"Excellent",IF(G24<2,"Good",IF(G24<4,"Fair","Poor"))) -> Excellent
A25: 16 | B25: imribiy 2026 Power Plan | C25: community | D25: 3 | E25: =AVERAGE('3. Raw Data'!H47:H49) -> 179.91 | F25: =STDEV('3. Raw Data'!H47:H49) -> 1.845779 | G25: =F25/E25*100 -> 1.0259457 | H25: =TINV(0.05,3-1)*F25/SQRT(3) -> 4.5851691 | I25: =AVERAGE('3. Raw Data'!I47:I49) -> 248.43667 | J25: =AVERAGE('3. Raw Data'!J47:J49) -> 0.83519666 | K25: =AVERAGE('3. Raw Data'!K47:K49) -> 101095.95 | L25: =AVERAGE('3. Raw Data'!L47:L49) -> 512 | M25: =AVERAGE('3. Raw Data'!P47:P49) -> 51.623333 | N25: =AVERAGE('3. Raw Data'!R47:R49) -> 0.43803949 | O25: =AVERAGE('3. Raw Data'!S47:S49) -> 1.2732362 | P25: =AVERAGE('3. Raw Data'!V47:V49) -> 2890.6667 | Q25: =E25-E10 -> 64.663333 | R25: =(E25-E10)/E10*100 -> 56.108637 | S25: =TTEST('3. Raw Data'!H47:H49,'3. Raw Data'!H2:H4,2,3) -> 0.00026222829 | T25: =IF(S25<0.05,"yes","tie") -> yes | U25: =IF(G25<1,"Excellent",IF(G25<2,"Good",IF(G25<4,"Fair","Poor"))) -> Good
A26: 17 | B26: RevisionT Extreme Performance | C26: community | D26: 3 | E26: =AVERAGE('3. Raw Data'!H50:H52) -> 180.88667 | F26: =STDEV('3. Raw Data'!H50:H52) -> 0.3888873 | G26: =F26/E26*100 -> 0.21498948 | H26: =TINV(0.05,3-1)*F26/SQRT(3) -> 0.96604961 | I26: =AVERAGE('3. Raw Data'!I50:I52) -> 248.51333 | J26: =AVERAGE('3. Raw Data'!J50:J52) -> 0.84083981 | K26: =AVERAGE('3. Raw Data'!K50:K52) -> 100942.92 | L26: =AVERAGE('3. Raw Data'!L50:L52) -> 426.66667 | M26: =AVERAGE('3. Raw Data'!P50:P52) -> 52.52 | N26: =AVERAGE('3. Raw Data'!R50:R52) -> 0.44681667 | O26: =AVERAGE('3. Raw Data'!S50:S52) -> 1.2876565 | P26: =AVERAGE('3. Raw Data'!V50:V52) -> 2888.6667 | Q26: =E26-E10 -> 65.64 | R26: =(E26-E10)/E10*100 -> 56.956094 | S26: =TTEST('3. Raw Data'!H50:H52,'3. Raw Data'!H2:H4,2,3) -> 3.7161248e-06 | T26: =IF(S26<0.05,"yes","tie") -> yes | U26: =IF(G26<1,"Excellent",IF(G26<2,"Good",IF(G26<4,"Fair","Poor"))) -> Excellent
A27: 18 | B27: LLG-C_RT1F1_D-FOR-PARKING+E-CORES-FIX | C27: community | D27: 3 | E27: =AVERAGE('3. Raw Data'!H53:H55) -> 180.90333 | F27: =STDEV('3. Raw Data'!H53:H55) -> 0.11015141 | G27: =F27/E27*100 -> 0.060889652 | H27: =TINV(0.05,3-1)*F27/SQRT(3) -> 0.27363127 | I27: =AVERAGE('3. Raw Data'!I53:I55) -> 248.53 | J27: =AVERAGE('3. Raw Data'!J53:J55) -> 0.83314319 | K27: =AVERAGE('3. Raw Data'!K53:K55) -> 100880.6 | L27: =AVERAGE('3. Raw Data'!L53:L55) -> 512 | M27: =AVERAGE('3. Raw Data'!P53:P55) -> 51.363333 | N27: =AVERAGE('3. Raw Data'!R53:R55) -> 0.43524857 | O27: =AVERAGE('3. Raw Data'!S53:S55) -> 1.2683918 | P27: =AVERAGE('3. Raw Data'!V53:V55) -> 2889 | Q27: =E27-E10 -> 65.656667 | R27: =(E27-E10)/E10*100 -> 56.970556 | S27: =TTEST('3. Raw Data'!H53:H55,'3. Raw Data'!H2:H4,2,3) -> 2.4522314e-11 | T27: =IF(S27<0.05,"yes","tie") -> yes | U27: =IF(G27<1,"Excellent",IF(G27<2,"Good",IF(G27<4,"Fair","Poor"))) -> Excellent
A28: 19 | B28: ARSENZA LOW LATENCY [ALL CPU] | C28: community | D28: 3 | E28: =AVERAGE('3. Raw Data'!H56:H58) -> 181 | F28: =STDEV('3. Raw Data'!H56:H58) -> 0.61878914 | G28: =F28/E28*100 -> 0.34187245 | H28: =TINV(0.05,3-1)*F28/SQRT(3) -> 1.5371574 | I28: =AVERAGE('3. Raw Data'!I56:I58) -> 248.56 | J28: =AVERAGE('3. Raw Data'!J56:J58) -> 0.78425409 | K28: =AVERAGE('3. Raw Data'!K56:K58) -> 94918.905 | L28: =AVERAGE('3. Raw Data'!L56:L58) -> 512 | M28: =AVERAGE('3. Raw Data'!P56:P58) -> 52.156667 | N28: =AVERAGE('3. Raw Data'!R56:R58) -> 0.39173902 | O28: =AVERAGE('3. Raw Data'!S56:S58) -> 1.1759931 | P28: =AVERAGE('3. Raw Data'!V56:V58) -> 2889.6667 | Q28: =E28-E10 -> 65.753333 | R28: =(E28-E10)/E10*100 -> 57.054434 | S28: =TTEST('3. Raw Data'!H56:H58,'3. Raw Data'!H2:H4,2,3) -> 1.9525778e-05 | T28: =IF(S28<0.05,"yes","tie") -> yes | U28: =IF(G28<1,"Excellent",IF(G28<2,"Good",IF(G28<4,"Fair","Poor"))) -> Excellent
A29: 20 | B29: LLG-C_RT1F1_D-FOR-NON-K-CPUs | C29: community | D29: 3 | E29: =AVERAGE('3. Raw Data'!H59:H61) -> 181.32333 | F29: =STDEV('3. Raw Data'!H59:H61) -> 0.35949038 | G29: =F29/E29*100 -> 0.1982593 | H29: =TINV(0.05,3-1)*F29/SQRT(3) -> 0.89302361 | I29: =AVERAGE('3. Raw Data'!I59:I61) -> 248.58 | J29: =AVERAGE('3. Raw Data'!J59:J61) -> 0.83211096 | K29: =AVERAGE('3. Raw Data'!K59:K61) -> 100744.02 | L29: =AVERAGE('3. Raw Data'!L59:L61) -> 512 | M29: =AVERAGE('3. Raw Data'!P59:P61) -> 51.53 | N29: =AVERAGE('3. Raw Data'!R59:R61) -> 0.43549307 | O29: =AVERAGE('3. Raw Data'!S59:S61) -> 1.267604 | P29: =AVERAGE('3. Raw Data'!V59:V61) -> 2891.3333 | Q29: =E29-E10 -> 66.076667 | R29: =(E29-E10)/E10*100 -> 57.334992 | S29: =TTEST('3. Raw Data'!H59:H61,'3. Raw Data'!H2:H4,2,3) -> 2.528023e-06 | T29: =IF(S29<0.05,"yes","tie") -> yes | U29: =IF(G29<1,"Excellent",IF(G29<2,"Good",IF(G29<4,"Fair","Poor"))) -> Excellent
A30: 21 | B30: IIIEXOIII LOW LATENCY | C30: community | D30: 3 | E30: =AVERAGE('3. Raw Data'!H62:H64) -> 181.32667 | F30: =STDEV('3. Raw Data'!H62:H64) -> 0.44286943 | G30: =F30/E30*100 -> 0.24423845 | H30: =TINV(0.05,3-1)*F30/SQRT(3) -> 1.1001487 | I30: =AVERAGE('3. Raw Data'!I62:I64) -> 248.6 | J30: =AVERAGE('3. Raw Data'!J62:J64) -> 0.83372147 | K30: =AVERAGE('3. Raw Data'!K62:K64) -> 100954.32 | L30: =AVERAGE('3. Raw Data'!L62:L64) -> 699392 | M30: =AVERAGE('3. Raw Data'!P62:P64) -> 51.65 | N30: =AVERAGE('3. Raw Data'!R62:R64) -> 0.43695423 | O30: =AVERAGE('3. Raw Data'!S62:S64) -> 1.2706757 | P30: =AVERAGE('3. Raw Data'!V62:V64) -> 2890.3333 | Q30: =E30-E10 -> 66.08 | R30: =(E30-E10)/E10*100 -> 57.337884 | S30: =TTEST('3. Raw Data'!H62:H64,'3. Raw Data'!H2:H4,2,3) -> 6.3035273e-06 | T30: =IF(S30<0.05,"yes","tie") -> yes | U30: =IF(G30<1,"Excellent",IF(G30<2,"Good",IF(G30<4,"Fair","Poor"))) -> Excellent
A31: 22 | B31: XNRL Pro Plan | C31: community | D31: 3 | E31: =AVERAGE('3. Raw Data'!H65:H67) -> 181.41667 | F31: =STDEV('3. Raw Data'!H65:H67) -> 1.1417676 | G31: =F31/E31*100 -> 0.62936204 | H31: =TINV(0.05,3-1)*F31/SQRT(3) -> 2.836308 | I31: =AVERAGE('3. Raw Data'!I65:I67) -> 248.58667 | J31: =AVERAGE('3. Raw Data'!J65:J67) -> 0.85131965 | K31: =AVERAGE('3. Raw Data'!K65:K67) -> 103347.67 | L31: =AVERAGE('3. Raw Data'!L65:L67) -> 512 | M31: =AVERAGE('3. Raw Data'!P65:P67) -> 51.183333 | N31: =AVERAGE('3. Raw Data'!R65:R67) -> 0.4316029 | O31: =AVERAGE('3. Raw Data'!S65:S67) -> 1.2829226 | P31: =AVERAGE('3. Raw Data'!V65:V67) -> 2891.3333 | Q31: =E31-E10 -> 66.17 | R31: =(E31-E10)/E10*100 -> 57.415977 | S31: =TTEST('3. Raw Data'!H65:H67,'3. Raw Data'!H2:H4,2,3) -> 8.9359925e-05 | T31: =IF(S31<0.05,"yes","tie") -> yes | U31: =IF(G31<1,"Excellent",IF(G31<2,"Good",IF(G31<4,"Fair","Poor"))) -> Excellent
A32: 23 | B32: Iris | C32: community | D32: 3 | E32: =AVERAGE('3. Raw Data'!H68:H70) -> 181.86333 | F32: =STDEV('3. Raw Data'!H68:H70) -> 0.92743374 | G32: =F32/E32*100 -> 0.50996191 | H32: =TINV(0.05,3-1)*F32/SQRT(3) -> 2.3038731 | I32: =AVERAGE('3. Raw Data'!I68:I70) -> 248.61667 | J32: =AVERAGE('3. Raw Data'!J68:J70) -> 0.83844722 | K32: =AVERAGE('3. Raw Data'!K68:K70) -> 100622.1 | L32: =AVERAGE('3. Raw Data'!L68:L70) -> 512 | M32: =AVERAGE('3. Raw Data'!P68:P70) -> 51.766667 | N32: =AVERAGE('3. Raw Data'!R68:R70) -> 0.44015833 | O32: =AVERAGE('3. Raw Data'!S68:S70) -> 1.2786056 | P32: =AVERAGE('3. Raw Data'!V68:V70) -> 2889.6667 | Q32: =E32-E10 -> 66.616667 | R32: =(E32-E10)/E10*100 -> 57.803552 | S32: =TTEST('3. Raw Data'!H68:H70,'3. Raw Data'!H2:H4,2,3) -> 5.4618757e-05 | T32: =IF(S32<0.05,"yes","tie") -> yes | U32: =IF(G32<1,"Excellent",IF(G32<2,"Good",IF(G32<4,"Fair","Poor"))) -> Excellent
A33: 24 | B33: Hybred Low Latency (HP | C33: community | D33: 3 | E33: =AVERAGE('3. Raw Data'!H71:H73) -> 182.09 | F33: =STDEV('3. Raw Data'!H71:H73) -> 1.1053054 | G33: =F33/E33*100 -> 0.60701048 | H33: =TINV(0.05,3-1)*F33/SQRT(3) -> 2.7457308 | I33: =AVERAGE('3. Raw Data'!I71:I73) -> 248.8 | J33: =AVERAGE('3. Raw Data'!J71:J73) -> 0.840075 | K33: =AVERAGE('3. Raw Data'!K71:K73) -> 100818.55 | L33: =AVERAGE('3. Raw Data'!L71:L73) -> 512 | M33: =AVERAGE('3. Raw Data'!P71:P73) -> 51.786667 | N33: =AVERAGE('3. Raw Data'!R71:R73) -> 0.44111574 | O33: =AVERAGE('3. Raw Data'!S71:S73) -> 1.2811907 | P33: =AVERAGE('3. Raw Data'!V71:V73) -> 2890 | Q33: =E33-E10 -> 66.843333 | R33: =(E33-E10)/E10*100 -> 58.000231 | S33: =TTEST('3. Raw Data'!H71:H73,'3. Raw Data'!H2:H4,2,3) -> 8.138781e-05 | T33: =IF(S33<0.05,"yes","tie") -> yes | U33: =IF(G33<1,"Excellent",IF(G33<2,"Good",IF(G33<4,"Fair","Poor"))) -> Excellent
A34: 25 | B34: GALA's ultimate performance(AMD | C34: community | D34: 3 | E34: =AVERAGE('3. Raw Data'!H74:H76) -> 183.22 | F34: =STDEV('3. Raw Data'!H74:H76) -> 2.3607414 | G34: =F34/E34*100 -> 1.2884736 | H34: =TINV(0.05,3-1)*F34/SQRT(3) -> 5.8644068 | I34: =AVERAGE('3. Raw Data'!I74:I76) -> 248.74667 | J34: =AVERAGE('3. Raw Data'!J74:J76) -> 0.80588704 | K34: =AVERAGE('3. Raw Data'!K74:K76) -> 96710.543 | L34: =AVERAGE('3. Raw Data'!L74:L76) -> 512 | M34: =AVERAGE('3. Raw Data'!P74:P76) -> 49.576667 | N34: =AVERAGE('3. Raw Data'!R74:R76) -> 0.46765833 | O34: =AVERAGE('3. Raw Data'!S74:S76) -> 1.2735454 | P34: =AVERAGE('3. Raw Data'!V74:V76) -> 2890.6667 | Q34: =E34-E10 -> 67.973333 | R34: =(E34-E10)/E10*100 -> 58.980737 | S34: =TTEST('3. Raw Data'!H74:H76,'3. Raw Data'!H2:H4,2,3) -> 0.00039390143 | T34: =IF(S34<0.05,"yes","tie") -> yes | U34: =IF(G34<1,"Excellent",IF(G34<2,"Good",IF(G34<4,"Fair","Poor"))) -> Good
A35: 26 | B35: Sapphire | C35: community | D35: 3 | E35: =AVERAGE('3. Raw Data'!H77:H79) -> 183.26667 | F35: =STDEV('3. Raw Data'!H77:H79) -> 0.25540817 | G35: =F35/E35*100 -> 0.13936423 | H35: =TINV(0.05,3-1)*F35/SQRT(3) -> 0.63446907 | I35: =AVERAGE('3. Raw Data'!I77:I79) -> 248.75667 | J35: =AVERAGE('3. Raw Data'!J77:J79) -> 0.83644815 | K35: =AVERAGE('3. Raw Data'!K77:K79) -> 100404.74 | L35: =AVERAGE('3. Raw Data'!L77:L79) -> 512 | M35: =AVERAGE('3. Raw Data'!P77:P79) -> 52.79 | N35: =AVERAGE('3. Raw Data'!R77:R79) -> 0.44086944 | O35: =AVERAGE('3. Raw Data'!S77:S79) -> 1.2773176 | P35: =AVERAGE('3. Raw Data'!V77:V79) -> 2890 | Q35: =E35-E10 -> 68.02 | R35: =(E35-E10)/E10*100 -> 59.02123 | S35: =TTEST('3. Raw Data'!H77:H79,'3. Raw Data'!H2:H4,2,3) -> 2.779896e-07 | T35: =IF(S35<0.05,"yes","tie") -> yes | U35: =IF(G35<1,"Excellent",IF(G35<2,"Good",IF(G35<4,"Fair","Poor"))) -> Excellent
A36: 27 | B36: FPSHEAVEN2026 | C36: community | D36: 3 | E36: =AVERAGE('3. Raw Data'!H80:H82) -> 183.73333 | F36: =STDEV('3. Raw Data'!H80:H82) -> 1.0059987 | G36: =F36/E36*100 -> 0.54753193 | H36: =TINV(0.05,3-1)*F36/SQRT(3) -> 2.4990392 | I36: =AVERAGE('3. Raw Data'!I80:I82) -> 248.82333 | J36: =AVERAGE('3. Raw Data'!J80:J82) -> 0.79810228 | K36: =AVERAGE('3. Raw Data'!K80:K82) -> 96091.818 | L36: =AVERAGE('3. Raw Data'!L80:L82) -> 512 | M36: =AVERAGE('3. Raw Data'!P80:P82) -> 50.313333 | N36: =AVERAGE('3. Raw Data'!R80:R82) -> 0.45438496 | O36: =AVERAGE('3. Raw Data'!S80:S82) -> 1.2524872 | P36: =AVERAGE('3. Raw Data'!V80:V82) -> 2890 | Q36: =E36-E10 -> 68.486667 | R36: =(E36-E10)/E10*100 -> 59.426158 | S36: =TTEST('3. Raw Data'!H80:H82,'3. Raw Data'!H2:H4,2,3) -> 6.2471619e-05 | T36: =IF(S36<0.05,"yes","tie") -> yes | U36: =IF(G36<1,"Excellent",IF(G36<2,"Good",IF(G36<4,"Fair","Poor"))) -> Excellent
A37: 28 | B37: Slower | C37: community | D37: 3 | E37: =AVERAGE('3. Raw Data'!H83:H85) -> 184.25 | F37: =STDEV('3. Raw Data'!H83:H85) -> 0.56665686 | G37: =F37/E37*100 -> 0.30754782 | H37: =TINV(0.05,3-1)*F37/SQRT(3) -> 1.4076537 | I37: =AVERAGE('3. Raw Data'!I83:I85) -> 249.04333 | J37: =AVERAGE('3. Raw Data'!J83:J85) -> 0.83534074 | K37: =AVERAGE('3. Raw Data'!K83:K85) -> 100277.08 | L37: =AVERAGE('3. Raw Data'!L83:L85) -> 426.66667 | M37: =AVERAGE('3. Raw Data'!P83:P85) -> 52.89 | N37: =AVERAGE('3. Raw Data'!R83:R85) -> 0.43793981 | O37: =AVERAGE('3. Raw Data'!S83:S85) -> 1.2732806 | P37: =AVERAGE('3. Raw Data'!V83:V85) -> 2889.6667 | Q37: =E37-E10 -> 69.003333 | R37: =(E37-E10)/E10*100 -> 59.874472 | S37: =TTEST('3. Raw Data'!H83:H85,'3. Raw Data'!H2:H4,2,3) -> 1.3526946e-05 | T37: =IF(S37<0.05,"yes","tie") -> yes | U37: =IF(G37<1,"Excellent",IF(G37<2,"Good",IF(G37<4,"Fair","Poor"))) -> Excellent
A38: 29 | B38: GPU Booster Power Plan | C38: community | D38: 3 | E38: =AVERAGE('3. Raw Data'!H86:H88) -> 184.26667 | F38: =STDEV('3. Raw Data'!H86:H88) -> 1.8308832 | G38: =F38/E38*100 -> 0.99360522 | H38: =TINV(0.05,3-1)*F38/SQRT(3) -> 4.548166 | I38: =AVERAGE('3. Raw Data'!I86:I88) -> 248.85333 | J38: =AVERAGE('3. Raw Data'!J86:J88) -> 0.7969228 | K38: =AVERAGE('3. Raw Data'!K86:K88) -> 96573.873 | L38: =AVERAGE('3. Raw Data'!L86:L88) -> 512 | M38: =AVERAGE('3. Raw Data'!P86:P88) -> 49.943333 | N38: =AVERAGE('3. Raw Data'!R86:R88) -> 0.45800111 | O38: =AVERAGE('3. Raw Data'!S86:S88) -> 1.2549239 | P38: =AVERAGE('3. Raw Data'!V86:V88) -> 2889 | Q38: =E38-E10 -> 69.02 | R38: =(E38-E10)/E10*100 -> 59.888934 | S38: =TTEST('3. Raw Data'!H86:H88,'3. Raw Data'!H2:H4,2,3) -> 0.00022617026 | T38: =IF(S38<0.05,"yes","tie") -> yes | U38: =IF(G38<1,"Excellent",IF(G38<2,"Good",IF(G38<4,"Fair","Poor"))) -> Excellent
A39: 30 | B39: Synez Power Plan | C39: community | D39: 3 | E39: =AVERAGE('3. Raw Data'!H89:H91) -> 184.44667 | F39: =STDEV('3. Raw Data'!H89:H91) -> 1.0661301 | G39: =F39/E39*100 -> 0.57801536 | H39: =TINV(0.05,3-1)*F39/SQRT(3) -> 2.6484139 | I39: =AVERAGE('3. Raw Data'!I89:I91) -> 249.04667 | J39: =AVERAGE('3. Raw Data'!J89:J91) -> 0.8374537 | K39: =AVERAGE('3. Raw Data'!K89:K91) -> 100531.62 | L39: =AVERAGE('3. Raw Data'!L89:L91) -> 512 | M39: =AVERAGE('3. Raw Data'!P89:P91) -> 52.916667 | N39: =AVERAGE('3. Raw Data'!R89:R91) -> 0.43914167 | O39: =AVERAGE('3. Raw Data'!S89:S91) -> 1.2765954 | P39: =AVERAGE('3. Raw Data'!V89:V91) -> 2888.6667 | Q39: =E39-E10 -> 69.2 | R39: =(E39-E10)/E10*100 -> 60.045121 | S39: =TTEST('3. Raw Data'!H89:H91,'3. Raw Data'!H2:H4,2,3) -> 6.9897632e-05 | T39: =IF(S39<0.05,"yes","tie") -> yes | U39: =IF(G39<1,"Excellent",IF(G39<2,"Good",IF(G39<4,"Fair","Poor"))) -> Excellent
A40: 31 | B40: Endgame Performance | C40: community | D40: 3 | E40: =AVERAGE('3. Raw Data'!H92:H94) -> 184.97 | F40: =STDEV('3. Raw Data'!H92:H94) -> 0.36510273 | G40: =F40/E40*100 -> 0.19738483 | H40: =TINV(0.05,3-1)*F40/SQRT(3) -> 0.90696545 | I40: =AVERAGE('3. Raw Data'!I92:I94) -> 248.92333 | J40: =AVERAGE('3. Raw Data'!J92:J94) -> 0.80348704 | K40: =AVERAGE('3. Raw Data'!K92:K94) -> 96429.383 | L40: =AVERAGE('3. Raw Data'!L92:L94) -> 512 | M40: =AVERAGE('3. Raw Data'!P92:P94) -> 50.286667 | N40: =AVERAGE('3. Raw Data'!R92:R94) -> 0.45768981 | O40: =AVERAGE('3. Raw Data'!S92:S94) -> 1.2611769 | P40: =AVERAGE('3. Raw Data'!V92:V94) -> 2888.6667 | Q40: =E40-E10 -> 69.723333 | R40: =(E40-E10)/E10*100 -> 60.499219 | S40: =TTEST('3. Raw Data'!H92:H94,'3. Raw Data'!H2:H4,2,3) -> 2.4133163e-06 | T40: =IF(S40<0.05,"yes","tie") -> yes | U40: =IF(G40<1,"Excellent",IF(G40<2,"Good",IF(G40<4,"Fair","Poor"))) -> Excellent
A41: 32 | B41: Khorvie's PowerPlan | C41: community | D41: 3 | E41: =AVERAGE('3. Raw Data'!H95:H97) -> 186.24667 | F41: =STDEV('3. Raw Data'!H95:H97) -> 0.48993197 | G41: =F41/E41*100 -> 0.26305543 | H41: =TINV(0.05,3-1)*F41/SQRT(3) -> 1.2170585 | I41: =AVERAGE('3. Raw Data'!I95:I97) -> 249.05667 | J41: =AVERAGE('3. Raw Data'!J95:J97) -> 0.79695713 | K41: =AVERAGE('3. Raw Data'!K95:K97) -> 96642.032 | L41: =AVERAGE('3. Raw Data'!L95:L97) -> 512 | M41: =AVERAGE('3. Raw Data'!P95:P97) -> 51.11 | N41: =AVERAGE('3. Raw Data'!R95:R97) -> 0.44645099 | O41: =AVERAGE('3. Raw Data'!S95:S97) -> 1.2434081 | P41: =AVERAGE('3. Raw Data'!V95:V97) -> 2890 | Q41: =E41-E10 -> 71 | R41: =(E41-E10)/E10*100 -> 61.606988 | S41: =TTEST('3. Raw Data'!H95:H97,'3. Raw Data'!H2:H4,2,3) -> 7.8486151e-06 | T41: =IF(S41<0.05,"yes","tie") -> yes | U41: =IF(G41<1,"Excellent",IF(G41<2,"Good",IF(G41<4,"Fair","Poor"))) -> Excellent
A42: 33 | B42: Jackpot2026 | C42: community | D42: 3 | E42: =AVERAGE('3. Raw Data'!H98:H100) -> 186.27667 | F42: =STDEV('3. Raw Data'!H98:H100) -> 2.7000062 | G42: =F42/E42*100 -> 1.4494602 | H42: =TINV(0.05,3-1)*F42/SQRT(3) -> 6.7071872 | I42: =AVERAGE('3. Raw Data'!I98:I100) -> 249.07 | J42: =AVERAGE('3. Raw Data'!J98:J100) -> 0.80385751 | K42: =AVERAGE('3. Raw Data'!K98:K100) -> 97339.664 | L42: =AVERAGE('3. Raw Data'!L98:L100) -> 426.66667 | M42: =AVERAGE('3. Raw Data'!P98:P100) -> 50.523333 | N42: =AVERAGE('3. Raw Data'!R98:R100) -> 0.45148764 | O42: =AVERAGE('3. Raw Data'!S98:S100) -> 1.2553451 | P42: =AVERAGE('3. Raw Data'!V98:V100) -> 2890.6667 | Q42: =E42-E10 -> 71.03 | R42: =(E42-E10)/E10*100 -> 61.633019 | S42: =TTEST('3. Raw Data'!H98:H100,'3. Raw Data'!H2:H4,2,3) -> 0.00047423804 | T42: =IF(S42<0.05,"yes","tie") -> yes | U42: =IF(G42<1,"Excellent",IF(G42<2,"Good",IF(G42<4,"Fair","Poor"))) -> Good
A43: 34 | B43: Prodazin Power Plan | C43: community | D43: 3 | E43: =AVERAGE('3. Raw Data'!H101:H103) -> 186.27667 | F43: =STDEV('3. Raw Data'!H101:H103) -> 2.1473317 | G43: =F43/E43*100 -> 1.1527647 | H43: =TINV(0.05,3-1)*F43/SQRT(3) -> 5.3342676 | I43: =AVERAGE('3. Raw Data'!I101:I103) -> 249.06667 | J43: =AVERAGE('3. Raw Data'!J101:J103) -> 0.80406667 | K43: =AVERAGE('3. Raw Data'!K101:K103) -> 96512.935 | L43: =AVERAGE('3. Raw Data'!L101:L103) -> 699306.67 | M43: =AVERAGE('3. Raw Data'!P101:P103) -> 51.523333 | N43: =AVERAGE('3. Raw Data'!R101:R103) -> 0.45839444 | O43: =AVERAGE('3. Raw Data'!S101:S103) -> 1.2624611 | P43: =AVERAGE('3. Raw Data'!V101:V103) -> 2891.6667 | Q43: =E43-E10 -> 71.03 | R43: =(E43-E10)/E10*100 -> 61.633019 | S43: =TTEST('3. Raw Data'!H101:H103,'3. Raw Data'!H2:H4,2,3) -> 0.00029693449 | T43: =IF(S43<0.05,"yes","tie") -> yes | U43: =IF(G43<1,"Excellent",IF(G43<2,"Good",IF(G43<4,"Fair","Poor"))) -> Good
A44: 35 | B44: ARSENZA LOW LATENCY (INTEL THREAD DIRECTOR FIX | C44: community | D44: 3 | E44: =AVERAGE('3. Raw Data'!H104:H106) -> 186.62 | F44: =STDEV('3. Raw Data'!H104:H106) -> 2.83429 | G44: =F44/E44*100 -> 1.5187493 | H44: =TINV(0.05,3-1)*F44/SQRT(3) -> 7.0407668 | I44: =AVERAGE('3. Raw Data'!I104:I106) -> 249.17333 | J44: =AVERAGE('3. Raw Data'!J104:J106) -> 0.7780516 | K44: =AVERAGE('3. Raw Data'!K104:K106) -> 94278.321 | L44: =AVERAGE('3. Raw Data'!L104:L106) -> 512 | M44: =AVERAGE('3. Raw Data'!P104:P106) -> 55.696667 | N44: =AVERAGE('3. Raw Data'!R104:R106) -> 0.39058863 | O44: =AVERAGE('3. Raw Data'!S104:S106) -> 1.1686402 | P44: =AVERAGE('3. Raw Data'!V104:V106) -> 2891.6667 | Q44: =E44-E10 -> 71.373333 | R44: =(E44-E10)/E10*100 -> 61.930931 | S44: =TTEST('3. Raw Data'!H104:H106,'3. Raw Data'!H2:H4,2,3) -> 0.00051834484 | T44: =IF(S44<0.05,"yes","tie") -> yes | U44: =IF(G44<1,"Excellent",IF(G44<2,"Good",IF(G44<4,"Fair","Poor"))) -> Good
A45: 36 | B45: J o k r O S P o w e r P l a n | C45: community | D45: 3 | E45: =AVERAGE('3. Raw Data'!H107:H109) -> 187.06667 | F45: =STDEV('3. Raw Data'!H107:H109) -> 0.44286943 | G45: =F45/E45*100 -> 0.23674417 | H45: =TINV(0.05,3-1)*F45/SQRT(3) -> 1.1001487 | I45: =AVERAGE('3. Raw Data'!I107:I109) -> 249.11667 | J45: =AVERAGE('3. Raw Data'!J107:J109) -> 0.80620075 | K45: =AVERAGE('3. Raw Data'!K107:K109) -> 96771.725 | L45: =AVERAGE('3. Raw Data'!L107:L109) -> 699221.33 | M45: =AVERAGE('3. Raw Data'!P107:P109) -> 51.036667 | N45: =AVERAGE('3. Raw Data'!R107:R109) -> 0.45138258 | O45: =AVERAGE('3. Raw Data'!S107:S109) -> 1.2575833 | P45: =AVERAGE('3. Raw Data'!V107:V109) -> 2890.3333 | Q45: =E45-E10 -> 71.82 | R45: =(E45-E10)/E10*100 -> 62.318505 | S45: =TTEST('3. Raw Data'!H107:H109,'3. Raw Data'!H2:H4,2,3) -> 5.2533676e-06 | T45: =IF(S45<0.05,"yes","tie") -> yes | U45: =IF(G45<1,"Excellent",IF(G45<2,"Good",IF(G45<4,"Fair","Poor"))) -> Excellent
A46: 37 | B46: Velo's Power Plan | C46: community | D46: 3 | E46: =AVERAGE('3. Raw Data'!H110:H112) -> 191.58 | F46: =STDEV('3. Raw Data'!H110:H112) -> 3.1783486 | G46: =F46/E46*100 -> 1.659019 | H46: =TINV(0.05,3-1)*F46/SQRT(3) -> 7.8954557 | I46: =AVERAGE('3. Raw Data'!I110:I112) -> 249.56333 | J46: =AVERAGE('3. Raw Data'!J110:J112) -> 0.78896126 | K46: =AVERAGE('3. Raw Data'!K110:K112) -> 95360.586 | L46: =AVERAGE('3. Raw Data'!L110:L112) -> 341.33333 | M46: =AVERAGE('3. Raw Data'!P110:P112) -> 53.486667 | N46: =AVERAGE('3. Raw Data'!R110:R112) -> 0.40656396 | O46: =AVERAGE('3. Raw Data'!S110:S112) -> 1.1955252 | P46: =AVERAGE('3. Raw Data'!V110:V112) -> 2888 | Q46: =E46-E10 -> 76.333333 | R46: =(E46-E10)/E10*100 -> 66.234743 | S46: =TTEST('3. Raw Data'!H110:H112,'3. Raw Data'!H2:H4,2,3) -> 0.00057146778 | T46: =IF(S46<0.05,"yes","tie") -> yes | U46: =IF(G46<1,"Excellent",IF(G46<2,"Good",IF(G46<4,"Fair","Poor"))) -> Good
A47: 38 | B47: BEYOND PERFORMANCE AMD_INTEL V1 | C47: community | D47: 3 | E47: =AVERAGE('3. Raw Data'!H113:H115) -> 194.65333 | F47: =STDEV('3. Raw Data'!H113:H115) -> 2.5658007 | G47: =F47/E47*100 -> 1.3181386 | H47: =TINV(0.05,3-1)*F47/SQRT(3) -> 6.3738023 | I47: =AVERAGE('3. Raw Data'!I113:I115) -> 249.91667 | J47: =AVERAGE('3. Raw Data'!J113:J115) -> 0.85045278 | K47: =AVERAGE('3. Raw Data'!K113:K115) -> 102078.59 | L47: =AVERAGE('3. Raw Data'!L113:L115) -> 699392 | M47: =AVERAGE('3. Raw Data'!P113:P115) -> 51.033333 | N47: =AVERAGE('3. Raw Data'!R113:R115) -> 0.45207315 | O47: =AVERAGE('3. Raw Data'!S113:S115) -> 1.3025259 | P47: =AVERAGE('3. Raw Data'!V113:V115) -> 2891.3333 | Q47: =E47-E10 -> 79.406667 | R47: =(E47-E10)/E10*100 -> 68.901487 | S47: =TTEST('3. Raw Data'!H113:H115,'3. Raw Data'!H2:H4,2,3) -> 0.00034188966 | T47: =IF(S47<0.05,"yes","tie") -> yes | U47: =IF(G47<1,"Excellent",IF(G47<2,"Good",IF(G47<4,"Fair","Poor"))) -> Good
A48: 39 | B48: AutoOS | C48: community | D48: 3 | E48: =AVERAGE('3. Raw Data'!H116:H118) -> 195.92667 | F48: =STDEV('3. Raw Data'!H116:H118) -> 0.21594752 | G48: =F48/E48*100 -> 0.11021855 | H48: =TINV(0.05,3-1)*F48/SQRT(3) -> 0.53644339 | I48: =AVERAGE('3. Raw Data'!I116:I118) -> 250.07 | J48: =AVERAGE('3. Raw Data'!J116:J118) -> 0.84946574 | K48: =AVERAGE('3. Raw Data'!K116:K118) -> 101953.11 | L48: =AVERAGE('3. Raw Data'!L116:L118) -> 699392 | M48: =AVERAGE('3. Raw Data'!P116:P118) -> 51.263333 | N48: =AVERAGE('3. Raw Data'!R116:R118) -> 0.44958519 | O48: =AVERAGE('3. Raw Data'!S116:S118) -> 1.2990509 | P48: =AVERAGE('3. Raw Data'!V116:V118) -> 2888.6667 | Q48: =E48-E10 -> 80.68 | R48: =(E48-E10)/E10*100 -> 70.006363 | S48: =TTEST('3. Raw Data'!H116:H118,'3. Raw Data'!H2:H4,2,3) -> 3.9468257e-08 | T48: =IF(S48<0.05,"yes","tie") -> yes | U48: =IF(G48<1,"Excellent",IF(G48<2,"Good",IF(G48<4,"Fair","Poor"))) -> Excellent
B50: - DPC p99 (us) = 99th-percentile Deferred Procedure Call latency: the worst-case DPC duration. The key responsiveness/stutter metric. LOWER = better.
B51: - DPC p999 = 99.9th percentile (deepest spikes). Here it is histogram-band-limited (~240-250 us for most), so it barely separates plans.
B52: - DPC/ISR %CPU busy = share of CPU time spent in DPCs/ISRs (interrupt overhead), warm-up-trimmed. LOWER = better.
B53: - Comb %CPU busy = DPC + ISR load combined - a single overhead summary.
B54: - 95% CI +/- = t-based interval on the mean (n=3, df=2, t=4.303); wide because only 3 runs.
B55: - Welch p vs best = unequal-variance t-test of this plan's 3 runs vs the best plan's. 'tie' = not separable from the best.
B56: - Repeatability from DPC p99 CV%: Excellent <1, Good <2, Fair <4, Poor >=4.
B57: - CPU eff MHz held ~2890 on every plan -> no throttling; differences are DPC/ISR scheduling, not clocks.
B58: - Microsoft stock plans (High performance, Ultimate Performance) highlighted as references.

Sheet 5. Graphs
B2: Graphs
B3: Built live from Sheet 4. Plans ranked best-to-worst (lowest latency first). The plan NAME is on the axis next to each bar; the number is at the bar end. LOWER bars = better.
B5: Chart 1 - DPC p99 latency by plan (us)
B6: Worst-case Deferred Procedure Call latency (99th percentile). The headline responsiveness metric - shorter bar = less micro-stutter/input-lag. Plan name on the left, exact microseconds at the bar end.
AB7: (chart labels) | AE7: Per-second DPC %busy (Run 1)
AB8: Kizzimo's Extreme Low Latenc | AE8: Sec | AF8: Kizzimo's Extreme Low Latenc | AG8: amit's low latency powerplan | AH8: High performance | AI8: AutoOS
AB9: Lowest Latency | AE9: 1 | AF9: 1.488 | AG9: 0.838 | AH9: 0.87 | AI9: 0.803
AB10: _Reticle_ | AE10: 2 | AF10: 1.501 | AG10: 0.879 | AH10: 0.885 | AI10: 0.844
AB11: amit's low latency powerplan | AE11: 3 | AF11: 1.502 | AG11: 0.886 | AH11: 0.894 | AI11: 0.853
AB12: Mitstas IDLE ENABLED | AE12: 4 | AF12: 1.486 | AG12: 0.884 | AH12: 0.896 | AI12: 0.844
AB13: GTweaks Power Plan V3 | AE13: 5 | AF13: 1.48 | AG13: 0.876 | AH13: 0.88 | AI13: 0.854
AB14: RIP Tweaks Power Plan | AE14: 6 | AF14: 1.495 | AG14: 0.895 | AH14: 0.898 | AI14: 0.933
AB15: Bitsum Highest Performance | AE15: 7 | AF15: 1.515 | AG15: 0.893 | AH15: 0.904 | AI15: 0.837
AB16: CactusOS Absolute Performanc | AE16: 8 | AF16: 1.488 | AG16: 0.88 | AH16: 0.586 | AI16: 0.86
AB17: High performance | AE17: 9 | AF17: 1.48 | AG17: 0.874 | AH17: 0.886 | AI17: 0.84
AB18: Rosca Tweaks v2 | AE18: 10 | AF18: 1.503 | AG18: 0.838 | AH18: 0.903 | AI18: 0.864
AB19: Ultimate Performance | AE19: 11 | AF19: 1.483 | AG19: 0.832 | AH19: 0.893 | AI19: 0.874
AB20: VTRL Optimized | AE20: 12 | AF20: 1.495 | AG20: 0.823 | AH20: 0.894 | AI20: 0.875
... AB46: AutoOS | AE46: 38 | AF46: 1.502 | AG46: 0.821 | AH46: 0.885 | AI46: 0.831
AE47: 39 | AF47: 1.51 | AG47: 0.84 | AH47: 0.89 | AI47: 0.841
AE48: 40 | AF48: 1.516 | AG48: 0.831 | AH48: 0.894 | AI48: 0.85
B80: Chart 2 - Combined interrupt load (% CPU busy)
B81: Total CPU time spent servicing ISRs + DPCs. Lower = less kernel overhead / more headroom. Note the winner on Chart 1 (Kizzimo) is high here - a trade-off worth seeing.
A149: Chart 3 - Run-to-run variability of DPC p99 (CV %)
A150: How much each plan's DPC p99 bounced across the 3 repeats. Lower = more trustworthy. Tall bars (>4%) mean the rank may be a fluke - re-test before trusting.
A218: Chart 4 - Within-run DPC load over time (per-second %CPU, Run 1)
A219: DPC %CPU-busy each second for the best (Kizzimo), a balanced pick (amit's), Windows High Performance, and the worst (AutoOS). Flatter/lower = steadier, lighter DPC load.

Sheet 6. Verdicts
B2: Verdicts - Analyst's Final Recommendation (latency)
B3: BEST for worst-case latency - Kizzimo's Extreme Low Latency | E3: The only plan whose 99th-percentile DPC drops into a lower band: ~115 us vs the field's ~180 us - a large, statistically significant (p<0.05 vs every plan) and ultra-repeatable advantage (CV 0.08%). Trade-off: it also has the HIGHEST combined interrupt load (1.88% CPU). Best pick when worst-case DPC spikes (input-lag / micro-stutter) matter most.
B4: BEST balanced / safest - amit's low latency powerplan | E4: Lowest DPC p99 among the rock-solid plans (171.8 us, CV 0.8%) with low interrupt load (1.24%). The everyday low-latency choice if you want near-top latency without Kizzimo's overhead.
B5: LOWEST overhead - VTRL Optimized / ARSENZA [ALL CPU] | E5: If minimal interrupt load matters more than the last few microseconds of DPC p99, these sit at ~1.18-1.19% CPU busy with mid-pack p99.
B6: RE-TEST before trusting | E6: Lowest Latency, _Reticle_, Mitstas, RIP Tweaks, Sazinho look strong/mid but their DPC p99 varies 6-7% run-to-run - the rank may be a fluke. Re-run 3x cleanly first.
B7: REALITY CHECK | E7: Windows 'High performance' is already excellent (176 us, consistent, low overhead) - MOST community plans do NOT beat it. Every plan lands at DPC p99 = 115-196 us, well below the ~500 us+ range where DPC latency becomes perceptible: differences are real but all plans are in healthy territory. CPU stayed pinned at ~99% on all, so this is pure DPC/ISR scheduling.
B8: RECOMMENDATION | E8: For pure responsiveness run Kizzimo. For low latency + low overhead run amit's. Re-test the 5 noisy plans before judging. The rest offer no advantage over Windows stock and can be retired. Differences are real (ANOVA p~4e-30) and repeatable (median CV 0.9%).
A10: Rank | B10: Power Plan | C10: Type | D10: DPC p99 (us) | E10: Delta % vs best | F10: DPC p999 (us) | G10: Comb %CPU busy | H10: Repeat- ability | I10: Stat. tie w/ best? | J10: Data summary | K10: VERDICT (analyst) | L10: Analyst justification
A11: 1 | B11: Kizzimo's Extreme Low Latency | C11: community | D11: ='4. Statistical Analysis'!E10 -> 115.24667 | E11: 0 | F11: ='4. Statistical Analysis'!I10 -> 240.29333 | G11: ='4. Statistical Analysis'!O10 -> 1.8786667 | H11: ='4. Statistical Analysis'!U10 -> Excellent | I11: - | J11: Best DPC p99 in the field. Very stable (CV 0.1%). | K11: Keep | L11: WINNER (worst-case latency). Only plan with DPC p99 ~115 us (field ~180), significant vs all and ultra-stable (CV 0.08%). Caveat: highest interrupt load (1.88% CPU). Pick for lowest input-lag/stutter spikes.
A12: 2 | B12: Lowest Latency | C12: community | D12: ='4. Statistical Analysis'!E11 -> 161.03333 | E12: ='4. Statistical Analysis'!R11 -> 39.729276 | F12: ='4. Statistical Analysis'!I11 -> 246.61667 | G12: ='4. Statistical Analysis'!O11 -> 1.3201188 | H12: ='4. Statistical Analysis'!U11 -> Poor | I12: no | J12: +40% higher DPC p99 than best (real, p<0.05). Noisy (CV 6.9%). | K12: Test again | L12: Looks 2nd-best (161 us) BUT highly variable (CV 6.9%) - could be a fluke. Re-run 3x before trusting.
A13: 3 | B13: _Reticle_ | C13: community | D13: ='4. Statistical Analysis'!E12 -> 167.05333 | E13: ='4. Statistical Analysis'!R12 -> 44.952855 | F13: ='4. Statistical Analysis'!I12 -> 247.13333 | G13: ='4. Statistical Analysis'!O12 -> 1.2700857 | H13: ='4. Statistical Analysis'!U12 -> Poor | I13: no | J13: +45% higher DPC p99 than best (real, p<0.05). Noisy (CV 6.3%). | K13: Test again | L13: Looks 3rd-best (167 us) BUT variable (CV 6.3%). Re-test before trusting.
A14: 4 | B14: amit's low latency powerplan | C14: community | D14: ='4. Statistical Analysis'!E13 -> 171.75 | E14: ='4. Statistical Analysis'!R13 -> 49.028171 | F14: ='4. Statistical Analysis'!I13 -> 247.60333 | G14: ='4. Statistical Analysis'!O13 -> 1.2373102 | H14: ='4. Statistical Analysis'!U13 -> Excellent | I14: no | J14: +49% higher DPC p99 than best (real, p<0.05). Very stable (CV 0.8%). | K14: Keep | L14: BEST BALANCED. Lowest DPC p99 among the rock-solid plans (171.8 us, CV 0.8%) with low overhead (1.24%). Safest everyday low-latency choice.
A15: 5 | B15: Mitstas IDLE ENABLED | C15: community | D15: ='4. Statistical Analysis'!E14 -> 173.39333 | E15: ='4. Statistical Analysis'!R14 -> 50.454098 | F15: ='4. Statistical Analysis'!I14 -> 247.75667 | G15: ='4. Statistical Analysis'!O14 -> 1.3217602 | H15: ='4. Statistical Analysis'!U14 -> Poor | I15: no | J15: +50% higher DPC p99 than best (real, p<0.05). Noisy (CV 6.4%). | K15: Test again | L15: Mid (173 us) but noisy (CV 6.4%). Re-test.
A16: 6 | B16: GTweaks Power Plan V3 | C16: community | D16: ='4. Statistical Analysis'!E15 -> 173.8 | E16: ='4. Statistical Analysis'!R15 -> 50.806965 | F16: ='4. Statistical Analysis'!I15 -> 247.80667 | G16: ='4. Statistical Analysis'!O15 -> 1.3242693 | H16: ='4. Statistical Analysis'!U15 -> Good | I16: no | J16: +51% higher DPC p99 than best (real, p<0.05). | K16: Reject | L16: Good: DPC p99 173.8 us, low overhead; slightly noisier (CV 1.5%). Reasonable pick.
A17: 7 | B17: RIP Tweaks Power Plan | C17: community | D17: ='4. Statistical Analysis'!E16 -> 174.02667 | E17: ='4. Statistical Analysis'!R16 -> 51.003644 | F17: ='4. Statistical Analysis'!I16 -> 247.85 | G17: ='4. Statistical Analysis'!O16 -> 1.2881306 | H17: ='4. Statistical Analysis'!U16 -> Poor | I17: no | J17: +51% higher DPC p99 than best (real, p<0.05). Noisy (CV 7.3%). | K17: Test again | L17: Mid (174 us) but noisy (CV 7.3%). Re-test.
A18: 8 | B18: Bitsum Highest Performance | C18: community | D18: ='4. Statistical Analysis'!E17 -> 174.81333 | E18: ='4. Statistical Analysis'!R17 -> 51.686238 | F18: ='4. Statistical Analysis'!I17 -> 248.05667 | G18: ='4. Statistical Analysis'!O17 -> 1.3654268 | H18: ='4. Statistical Analysis'!U17 -> Good | I18: no | J18: +52% higher DPC p99 than best (real, p<0.05). | K18: Reject | L18: Reliably worse than best (+60 us, p<0.05) and no better than Windows stock. No latency advantage - not worth using over the top picks. Absolute latency still healthy.
A19: 9 | B19: CactusOS Absolute Performance | C19: community | D19: ='4. Statistical Analysis'!E18 -> 175.22667 | E19: ='4. Statistical Analysis'!R18 -> 52.044889 | F19: ='4. Statistical Analysis'!I18 -> 247.97333 | G19: ='4. Statistical Analysis'!O18 -> 1.3040812 | H19: ='4. Statistical Analysis'!U18 -> Excellent | I19: no | J19: +52% higher DPC p99 than best (real, p<0.05). Very stable (CV 0.9%). | K19: Keep | L19: Trustworthy: low DPC p99 (175 us), excellent consistency, low overhead (1.30%). Solid alternative.
A20: 10 | B20: High performance | C20: MSFT stock | D20: ='4. Statistical Analysis'!E19 -> 176.29667 | E20: ='4. Statistical Analysis'!R19 -> 52.973333 | F20: ='4. Statistical Analysis'!I19 -> 248.11667 | G20: ='4. Statistical Analysis'!O19 -> 1.3133411 | H20: ='4. Statistical Analysis'!U19 -> Good | I20: no | J20: +53% higher DPC p99 than best (real, p<0.05). Microsoft stock plan. | K20: Keep | L20: Microsoft STOCK - and already very competitive (176 us, consistent, low overhead 1.31%). Most community plans do NOT beat it. Keep as the hard-to-beat baseline.
A21: 11 | B21: Rosca Tweaks v2 | C21: community | D21: ='4. Statistical Analysis'!E20 -> 176.42 | E21: ='4. Statistical Analysis'!R20 -> 53.080349 | F21: ='4. Statistical Analysis'!I20 -> 248.04667 | G21: ='4. Statistical Analysis'!O20 -> 1.3358296 | H21: ='4. Statistical Analysis'!U20 -> Excellent | I21: no | J21: +53% higher DPC p99 than best (real, p<0.05). Very stable (CV 0.9%). | K21: Reject | L21: Reliably worse than best (+61 us, p<0.05) and no better than Windows stock. No latency advantage - not worth using over the top picks. Absolute latency still healthy.
A22: 12 | B22: Ultimate Performance | C22: MSFT stock | D22: ='4. Statistical Analysis'!E21 -> 177.42 | E22: ='4. Statistical Analysis'!R21 -> 53.948053 | F22: ='4. Statistical Analysis'!I21 -> 248.24 | G22: ='4. Statistical Analysis'!O21 -> 1.3296951 | H22: ='4. Statistical Analysis'!U21 -> Good | I22: no | J22: +54% higher DPC p99 than best (real, p<0.05). Microsoft stock plan. | K22: Reject | L22: Microsoft stock. Mid-pack (177.4 us) with slightly higher overhead than High performance; no latency advantage. Reference, not a pick.
A23: 13 | B23: VTRL Optimized | C23: community | D23: ='4. Statistical Analysis'!E22 -> 177.69667 | E23: ='4. Statistical Analysis'!R22 -> 54.188118 | F23: ='4. Statistical Analysis'!I22 -> 248.18333 | G23: ='4. Statistical Analysis'!O22 -> 1.1855737 | H23: ='4. Statistical Analysis'!U22 -> Good | I23: no | J23: +54% higher DPC p99 than best (real, p<0.05). | K23: Keep | L23: Lowest-overhead tier (1.19% CPU) with mid DPC p99 (177.7 us). Choose for minimal interrupt load.
... A49: 39 | B49: AutoOS | C49: community | D49: ='4. Statistical Analysis'!E48 -> 195.92667 | E49: ='4. Statistical Analysis'!R48 -> 70.006363 | F49: ='4. Statistical Analysis'!I48 -> 250.07 | G49: ='4. Statistical Analysis'!O48 -> 1.2990509 | H49: ='4. Statistical Analysis'!U48 -> Excellent | I49: no | J49: +70% higher DPC p99 than best (real, p<0.05). Very stable (CV 0.1%). | K49: Reject | L49: Among the WORST DPC p99 (196 us, significant). Reject for latency.
B51: Analyst tally: Keep = 5 Test again = 5 Reject = 29 (of 39 plans)
B52: VERDICT column is editable (dropdown). Colour: green=Keep, amber=Test again, red=Reject. 'Reject' = no latency advantage for this objective, not 'broken'.
